id,domain,status,purchase_price,renewal_price,attractiveness,demand,length,registrar,created_at,expires_at,status_verified_at
3a9ce9db-9de9-4c0f-abe1-16551a6a1d7a,unstuck.promo,available,11.98,33.48,high,low,7,namecheap,,,12/09/2026 20:40
7c660aef-0334-4e56-9938-d304c561d54a,uncertain.promo,available,11.98,33.48,high,low,9,namecheap,,,22/08/2026 01:07
7c0ddebe-83a6-43c0-93b3-297e6ba6f0be,infirm.promo,available,19.99,35.99,medium,low,6,name.com,,,13/08/2026 20:32
a1754506-a516-4a4a-951d-584d706bba4d,rutledge.promo,available,10.81,20.08,medium,low,8,porkbun,,,29/09/2026 01:29
3938b3a1-83dc-40fb-8362-40eb290b0de8,landslide.promo,available,14.49,24.99,high,low,9,namesilo,,,30/09/2026 02:07
bb34336c-e5a3-46e1-b3d0-4efac7908bec,aide.promo,available,14.49,24.99,high,low,4,namesilo,,,22/09/2026 14:20
5ee6a9c2-0e84-4d63-a704-24fade75f9c2,holocene.promo,available,11.98,33.48,medium,low,8,namecheap,,,09/09/2026 11:21
f4fe5e00-7fcf-4966-a396-e18a04e57369,devotions.promo,available,14.49,24.99,medium,low,9,namesilo,,,20/09/2026 02:07
f1175693-c74c-43a1-84cf-4aa869217b6e,han.promo,premium,,,high,low,3,,,,28/09/2026 02:04
467b2ab5-fdb8-4da9-8500-71edf1f981fa,regime.promo,available,14.49,24.99,high,low,6,namesilo,,,21/09/2026 05:23
21e1062c-175c-4191-bff1-6fd3a5efac3c,humdrum.promo,available,11.98,33.48,medium,low,7,namecheap,,,21/08/2026 15:05
a33c1b94-f2de-4793-b33a-3a7ddb40ba06,needed.promo,available,11.98,33.48,high,low,6,namecheap,,,03/09/2026 14:49
bd565950-1620-4c41-aa74-873cf10ae8a2,faintly.promo,available,11.98,33.48,medium,low,7,namecheap,,,14/09/2026 17:33
89f1cd68-1cd1-4521-9fdb-f20bfd610f22,nicole.promo,available,19.99,,high,low,6,name.com,,,
78cd6242-8cb8-4692-88ef-5da1934a52b7,brooks.promo,available,14.49,24.99,high,low,6,namesilo,,,24/09/2026 10:47
68e361a8-93a2-43a0-bd51-baad7cd3f51e,magnet.promo,available,14.49,24.99,high,low,6,namesilo,,,21/09/2026 02:14
2c1ccfb0-fe73-4bd8-a472-b07c2296d4bc,motives.promo,available,10.55,19.87,medium,low,7,spaceship,,,28/09/2026 17:11
0fb7db24-bc38-4cee-9199-36e40730bb5f,behave.promo,available,10.92,20.55,high,low,6,dynadot,,,30/09/2026 15:41
004a9274-c359-4847-b767-a08493704b13,forth.promo,available,14.49,24.99,high,low,5,namesilo,,,22/09/2026 14:59
8c639cf6-958f-4f30-9b26-51ce8b398797,narrowed.promo,available,11.98,33.48,high,low,8,namecheap,,,03/09/2026 13:27
3af8f0d5-c4fe-4fc5-88a3-ccc724fd7c5a,incan.promo,available,11.98,33.48,medium,low,5,namecheap,,,22/08/2026 00:44
15a42057-b326-434a-8b23-d07528a1286d,apolune.promo,available,11.98,33.48,medium,low,7,namecheap,,,19/09/2026 18:55
22496980-a4c4-4c8a-9ee6-9e2b06d7261e,algebraist.promo,available,14.49,24.99,medium,low,10,namesilo,,,18/09/2026 06:55
8eb27c07-76b7-475c-8e44-a5626f5428fe,cub.promo,premium,325,325,high,low,3,namecheap,,,24/09/2026 20:02
54771ec1-5134-4e1f-862d-6f7d99abefee,revocation.promo,available,14.49,24.99,medium,low,10,namesilo,,,19/09/2026 11:02
ec7746ff-c628-40ba-ad59-06140e1c9a78,yao.promo,premium,2660,2660,medium,low,3,namesilo,,,28/09/2026 07:58
820fd8bc-1c46-49ee-b693-0a8fca0d639c,excavate.promo,available,11.98,33.48,high,low,8,namecheap,,,21/08/2026 10:33
b51da2f6-b8e5-4bf8-88be-0e46f7eb8dc3,fooling.promo,available,11.98,33.48,high,low,7,namecheap,,,18/08/2026 10:35
f3da1d76-6830-4776-8b74-0b8ced724a8c,lackluster.promo,available,11.98,33.48,medium,low,10,namecheap,,,22/08/2026 18:07
2046ee84-0327-4a40-9350-2050fd002880,barrette.promo,available,14.49,24.99,medium,low,8,namesilo,,,22/09/2026 08:28
73d03ff5-444e-4044-a09c-d8f596f35135,vasari.promo,available,13.5,,medium,low,6,unstoppable,,,01/10/2026 19:48
83fd1d18-3f72-4435-8030-d109601162f2,slimy.promo,available,11.98,33.48,medium,low,5,namecheap,,,14/08/2026 04:03
d4e1262a-0c97-4450-b464-ccada9fbf2c7,eater.promo,available,11.98,33.48,high,low,5,namecheap,,,19/09/2026 09:42
86bc73fc-4479-42f6-88ad-d6329eb63d75,volition.promo,available,11.98,33.48,high,low,8,namecheap,,,13/09/2026 12:00
41defbb3-779f-48da-bbfd-866e6f827432,change.promo,available,14.49,24.99,high,medium,6,namesilo,,,28/09/2026 20:44
0b40c6d0-2138-4b9f-a1a2-e8d5897d18fb,oversight.promo,available,13.5,,high,low,9,unstoppable,,,29/09/2026 23:43
0d70a7a9-272c-4dcc-a1fc-6b045c667966,alnico.promo,available,14.49,24.99,medium,low,6,namesilo,,,18/09/2026 12:50
298a0b32-2e77-4e0d-91d1-e433f2a9b0e9,pauli.promo,available,10.55,19.87,high,low,5,spaceship,,,29/09/2026 07:50
bcb5944c-5876-4dd3-8217-9337ea631956,spreading.promo,available,11.98,33.48,medium,low,9,namecheap,,,10/09/2026 16:45
727852af-24d2-4282-8caa-0664ae6eaa56,tactic.promo,available,14.49,24.99,high,low,6,namesilo,,,29/09/2026 07:31
62b19149-e86b-42ed-a555-a824b0b4090b,lancaster.promo,premium,1100,1100,high,low,9,dynadot,,,29/09/2026 19:11
8748eda3-a09f-4db1-bead-7ad3418ed633,payton.promo,available,14.49,24.99,medium,low,6,namesilo,,,30/09/2026 07:49
e729a097-fd37-44e7-9a02-cc2ef8485afc,krypton.promo,available,14.49,24.99,medium,low,7,namesilo,,,20/09/2026 22:56
2d467799-a0e3-44d7-ad2f-665e85c6c3eb,sweetsop.promo,available,14.49,24.99,medium,low,8,namesilo,,,19/09/2026 10:27
058f1c96-f4d7-46e0-bb55-f676e7b7b0d2,literate.promo,available,11.98,33.48,high,low,8,namecheap,,,24/08/2026 07:26
37393a03-e7f8-42f6-9e6d-a65679061b64,queasy.promo,available,11.98,33.48,medium,low,6,namecheap,,,24/08/2026 08:26
a7067805-427a-46fd-b048-fcd5e52a828d,noses.promo,available,11.98,33.48,medium,low,5,namecheap,,,20/09/2026 03:44
a73f2898-e090-4b36-a682-a06ab6ad2f5b,hawk.promo,available,13.5,,high,low,4,unstoppable,,,28/09/2026 02:04
d906665c-2d90-48e0-89c1-fe932d2de8f6,pdp.promo,available,19.2,19.2,high,low,3,cloudflare,,,28/09/2026 21:36
f403b653-95a8-4634-98f7-cead0abb4456,dime.promo,available,14.49,24.99,high,low,4,namesilo,,,29/09/2026 14:59
c8568e01-86aa-4cb2-b8b5-ecddb7dee1c2,refresh.promo,available,10.55,19.87,high,low,7,spaceship,,,30/09/2026 16:47
559ed6cf-5dd7-41b8-8f30-12934bd1765f,vaned.promo,available,11.98,33.48,medium,low,5,namecheap,,,13/09/2026 01:06
d802f7d2-b857-4b94-9e24-5326fd523994,metal.promo,resell,,,high,low,5,IONOS SE,25/11/2025 21:56,25/11/2026 21:56,26/09/2026 07:31
94e4f6ae-d324-497c-b086-c42d2efae853,limbic.promo,available,11.98,33.48,medium,low,6,namecheap,,,23/08/2026 11:49
81e75b29-2840-4703-a1d8-d9f79370b37f,antilope.promo,available,14.49,24.99,medium,low,8,namesilo,,,19/09/2026 14:39
8f1a5ad9-034e-4a20-985e-5af2cb7455dc,pronghorn.promo,available,11.98,33.48,medium,low,9,namecheap,,,18/09/2026 19:07
6aed73a2-4617-45ca-9115-1be451099154,thyroid.promo,available,11.98,33.48,high,low,7,namecheap,,,11/09/2026 15:18
5fc43c88-a712-4e4d-9a90-c851fa6d5101,ameboid.promo,available,11.98,33.48,medium,low,7,namecheap,,,
48029e3e-8d5e-4c5c-842c-6900d64255f4,passion.promo,available,14.49,24.99,high,low,7,namesilo,,,29/09/2026 05:44
586dc609-f5ad-4325-88ac-cbeb3292cf6a,parliamentary.promo,available,10.92,20.55,medium,low,13,dynadot,,,01/10/2026 06:10
d30b4707-b156-4ea1-83f4-026448e88b89,denial.promo,available,13.5,,high,low,6,unstoppable,,,29/09/2026 13:58
21cc103e-a1bf-4205-abaa-5c49a6a57ca9,usc.promo,premium,302.5,302.5,high,low,3,namesilo,,,25/09/2026 14:13
b7e08ed7-50ab-4efb-be8d-8606efe0fe44,yankee.promo,available,11.98,33.48,high,low,6,namecheap,,,13/09/2026 14:12
055eefb0-8fd2-4eae-b1bb-dbe90a82a0aa,heights.promo,available,19.2,19.2,high,low,7,cloudflare,,,27/09/2026 13:59
aa26628f-a07e-49c3-9b1c-8e0309c5a884,quelled.promo,available,11.98,33.48,medium,low,7,namecheap,,,09/09/2026 08:24
fa1f7a4b-726d-4589-87ed-94d265e28414,acheta.promo,available,14.49,24.99,medium,low,6,namesilo,,,17/09/2026 00:33
e8ea5921-9b0e-4109-8455-fa4345ba473b,swaps.promo,available,14.49,24.99,medium,low,5,namesilo,,,18/09/2026 22:39
9aecb07e-717d-4c38-a7b1-b0e6e3d597e9,gallant.promo,available,11.98,33.48,high,low,7,namecheap,,,12/08/2026 06:16
164f089b-3fe0-4e3f-bc85-61db448c2dbe,virtuoso.promo,available,14.49,24.99,high,low,8,namesilo,,,21/09/2026 17:38
f7b328f7-9715-4974-b7e9-4758eaf6ebd6,rehabs.promo,available,19.99,35.99,medium,low,6,name.com,,,20/09/2026 09:43
020d09dd-fe46-41f2-9da2-ba4c054d1c22,preparations.promo,available,10.55,19.87,medium,low,12,spaceship,,,29/09/2026 05:22
c1fc5463-3097-4a96-9c61-949545ebc4f4,toot.promo,available,14.49,24.99,high,low,4,namesilo,,,23/09/2026 01:30
6ffa690a-0b0b-4d6d-8c40-99e64cd59633,motorized.promo,available,11.98,33.48,high,low,9,namecheap,,,24/08/2026 18:45
276f0bcb-aac9-4fd8-b7d3-fcf20cda9df8,repeatedly.promo,available,11.98,33.48,medium,low,10,namecheap,,,15/09/2026 23:12
bb6a6403-5d3a-4be3-bd4e-43d86483f76d,experimented.promo,available,14.49,24.99,medium,low,12,namesilo,,,30/09/2026 07:34
f21b4ee0-9405-47ce-a9ca-cf7e9ff0806f,aging.promo,available,11.98,33.48,high,low,5,namecheap,,,21/09/2026 22:40
130d9078-d386-4461-9e52-c724e55a1cd9,anatropous.promo,available,11.98,33.48,medium,low,10,namecheap,,,
7c3a0446-9b32-4377-b72d-27f478efde01,bounteous.promo,available,11.98,33.48,high,low,9,namecheap,,,09/08/2026 20:50
a3e33025-3686-410b-acf0-70db10520bdc,intensify.promo,available,11.98,33.48,high,low,9,namecheap,,,12/08/2026 19:29
37a065a7-9e29-41f3-ba9b-6263b3db9b34,tropical.promo,premium,1300,1300,high,low,8,namecheap,,,11/09/2026 20:24
7e946d3b-8103-454c-a3fe-23b3fc3f65c8,apodeme.promo,available,11.98,33.48,medium,low,7,namecheap,,,19/09/2026 18:17
83a22fa6-0c47-453e-9427-0690c651d6a6,huxley.promo,available,19.99,35.99,high,low,6,name.com,,,18/09/2026 04:39
1e57c784-2044-438c-8671-63255d4e9185,cycloid.promo,available,19.99,35.99,medium,low,7,name.com,,,13/08/2026 13:37
b98fca22-e0a3-4361-b440-1497d9f3b1fc,thirsty.promo,premium,250.5,302.5,high,low,7,unstoppable,,,28/09/2026 09:14
d1abd799-4ea9-43a0-9b74-fbd844848a3f,cabrera.promo,available,19.2,19.2,medium,low,7,cloudflare,,,29/09/2026 09:57
2a1bbbe2-3333-409d-bcc3-fcb74e292442,enchant.promo,available,11.98,33.48,high,low,7,namecheap,,,21/08/2026 07:46
450b5fc7-f831-4a29-bc19-76b8586b5f0d,prodromic.promo,available,11.98,33.48,medium,low,9,namecheap,,,09/09/2026 02:46
8cfd4ddf-2a00-48c9-826c-dcb191a1bfe3,cardboard.promo,available,11.98,33.48,high,low,9,namecheap,,,11/08/2026 18:49
c846726d-7e99-463b-8f14-e4458c603d0e,approval.promo,available,11.98,33.48,high,low,8,namecheap,,,08/09/2026 15:18
68f7716f-3c7f-4d8c-941c-24832f94c49e,puncture.promo,available,10.55,19.87,high,low,8,spaceship,,,29/09/2026 20:04
419ad957-c807-424e-9981-e2964494a8bc,saccharine.promo,available,11.98,33.48,medium,low,10,namecheap,,,12/08/2026 12:48
0b558fe0-999a-4e6e-8d3c-2ad5c37b3523,adeline.promo,available,13.5,,high,low,7,unstoppable,,,30/09/2026 21:11
b20a1a63-85f0-4221-84d7-bfbe84db7088,storied.promo,available,11.98,33.48,medium,low,7,namecheap,,,21/08/2026 09:55
5b6ba0fb-8556-407b-8881-d357e3c36a2c,stands.promo,available,19.99,,medium,low,6,name.com,,,
e0c05648-5336-43c8-a7ea-003aada29fb3,lowell.promo,premium,1107,1107,high,low,6,namesilo,,,16/09/2026 14:32
3aa618e9-ff70-4ad8-931f-7cc335c2ef41,shrub.promo,available,14.49,24.99,medium,low,5,namesilo,,,23/09/2026 11:56
e8187543-460f-4973-8886-b16b381c2146,afford.promo,premium,325,325,high,low,6,namecheap,,,25/09/2026 11:07
6391cb2d-ea84-4120-ae63-7f5b7cb367b3,bolts.promo,available,14.49,24.99,medium,low,5,namesilo,,,18/09/2026 04:01
b07715fc-d54a-4ad9-9ae3-78ca0f9dec07,scc.promo,available,14.49,24.99,high,low,3,namesilo,,,30/09/2026 11:50
4f224350-eb0d-4817-bc95-58e692e36527,watches.promo,premium,3450,3450,high,low,7,namesilo,,,16/09/2026 10:07
63c60e22-4546-4c3a-81f0-1b6f24daaf9b,knocked.promo,available,14.49,24.99,low,low,7,namesilo,,,25/09/2026 18:45
cba933d4-c664-45c2-8392-e62b36111f0c,envelope.promo,available,14.49,24.99,high,low,8,namesilo,,,25/09/2026 22:36
690bb2c1-bed4-4dd0-8ab7-b13d1b0cc9ba,smack.promo,available,11.98,33.48,medium,low,5,namecheap,,,13/09/2026 23:28
934e5752-2dc0-4193-af8c-dc967924a9eb,clipped.promo,available,11.98,33.48,high,low,7,namecheap,,,12/08/2026 11:16
37a3b18d-ee10-42ed-8517-4d959e770006,anergy.promo,available,14.49,24.99,medium,low,6,namesilo,,,19/09/2026 05:29
10c241f1-97b5-4f4d-bc72-4c257d2d338c,dionysian.promo,available,11.98,33.48,medium,low,9,namecheap,,,14/08/2026 08:24
0a8b84a2-a738-4da0-9ff3-6351fbc25b7f,scored.promo,available,10.55,19.87,high,low,6,spaceship,,,27/09/2026 23:20
da57677b-c78e-43b2-b856-6e9878252457,carnegie.promo,available,14.49,24.99,high,low,8,namesilo,,,19/09/2026 04:42
5d9e7883-8c40-466a-a858-847a045826d7,absolutely.promo,available,14.49,24.99,high,low,10,namesilo,,,28/09/2026 11:36
f4d87993-682f-4325-8151-1b8c8165bdff,yeast.promo,available,14.49,24.99,high,low,5,namesilo,,,22/09/2026 06:34
69bef855-1699-4b25-b487-08347cd2b3f4,downcast.promo,available,11.98,33.48,medium,low,8,namecheap,,,14/08/2026 17:33
9c14fb07-b6fb-4e63-afe5-30db9027c274,blackness.promo,available,11.98,33.48,medium,low,9,namecheap,,,10/08/2026 10:54
72ab120d-5b73-45b6-a594-5416e440a60c,foreigner.promo,available,11.98,33.48,high,low,9,namecheap,,,
dd298461-6172-4066-8d8b-20e0c2d32289,aranea.promo,available,14.49,24.99,medium,low,6,namesilo,,,20/09/2026 00:00
23fbe426-0fcf-4019-b42f-91236f3c4150,coventry.promo,available,14.49,24.99,medium,low,8,namesilo,,,22/09/2026 02:09
c027ca2f-f455-4f74-9539-c56fe8eb556a,etc.promo,premium,1107,1107,high,low,3,namesilo,,,
7e9a8296-ba16-4630-8288-e603631f34ed,colorless.promo,available,11.98,33.48,medium,low,9,namecheap,,,12/08/2026 17:53
5a2a4b7f-4ce4-49b3-95d8-284a7c011aa2,clutter.promo,available,10.55,19.87,medium,low,7,spaceship,,,01/10/2026 18:58
443e8380-0b4f-4e96-a236-747372455d0c,atilt.promo,available,11.98,33.48,medium,low,5,namecheap,,,07/08/2026 13:13
40eb442f-48d9-42e2-a56c-4e4149950e2d,occurrence.promo,available,14.49,24.99,high,low,10,namesilo,,,25/09/2026 23:56
fec2e75d-866e-48fc-b1a7-a3e9a7a9e38c,conveyance.promo,available,10.55,19.87,high,low,10,spaceship,,,01/10/2026 02:33
80b9182f-5bfa-42c9-8107-b5fabbf2a9e3,avenge.promo,available,13.5,,high,low,6,unstoppable,,,29/09/2026 13:46
a312f35f-ce47-480c-87f0-ca05d4e41934,ostensible.promo,available,11.98,33.48,medium,low,10,namecheap,,,04/09/2026 18:29
10490f4f-42a9-4706-8eb6-ea585894c2a3,roundness.promo,available,11.98,33.48,medium,low,9,namecheap,,,16/08/2026 12:39
7223ceef-b99f-4c05-b69c-d66c059b1b92,ragee.promo,available,11.98,33.48,medium,low,5,namecheap,,,17/09/2026 15:18
24414faa-232d-4f04-b8ce-0481a48a1add,antipodes.promo,available,14.49,24.99,medium,low,9,namesilo,,,19/09/2026 14:59
2935f624-cc47-41a4-9ebf-2c22232af42b,washes.promo,available,14.49,24.99,medium,low,6,namesilo,,,20/09/2026 04:54
7d651b0c-c547-481d-bd6c-f9e7ad7912a2,tutoring.promo,available,10.55,19.87,high,low,8,spaceship,,,29/09/2026 16:08
47251a03-11c4-4df8-b200-eb04a47829f5,aro.promo,premium,78.54,78.54,high,low,3,namesilo,,,30/09/2026 03:42
a6c1afb7-82b1-4829-88f4-8f5ee347302e,perception.promo,available,13.5,,high,low,10,unstoppable,,,28/09/2026 10:42
506b1573-f4b2-4b28-8902-b9b03ffb1dd6,emblems.promo,available,10.55,19.87,medium,low,7,spaceship,,,28/09/2026 18:24
650287a9-f837-46c8-86d0-78fe452971e5,pasadena.promo,premium,1000.5,,high,low,8,unstoppable,,,29/09/2026 19:55
5d5fb989-a082-4a6a-8eba-95eabdc2b14b,chorally.promo,available,11.98,33.48,medium,low,8,namecheap,,,14/09/2026 06:49
84c3f90d-bd72-4fa5-b9e2-645d42409195,porkfish.promo,available,14.49,24.99,medium,low,8,namesilo,,,19/09/2026 09:38
9c4979af-ab9e-436a-8f48-d99f93da6d34,norma.promo,available,10.92,20.55,high,low,5,dynadot,,,28/09/2026 14:58
5252f015-4459-4d49-b72d-78f16d9c4af0,dermal.promo,available,19.99,35.99,high,low,6,name.com,,,13/08/2026 13:00
f813482b-1d5c-4e42-ad4d-f0660c4b2a18,poison.promo,available,11.98,33.48,high,low,6,namecheap,,,11/09/2026 18:25
4480303d-d3e9-4c18-8930-2b3641b49b87,nonpareil.promo,available,11.98,33.48,high,low,9,namecheap,,,24/08/2026 17:02
0b719dac-427c-4706-b0ea-bc37a4e1518c,nicholls.promo,available,13.5,,medium,low,8,unstoppable,,,28/09/2026 16:37
038e34b6-8802-4911-b0d7-8696504e76f8,wool.promo,available,19.2,19.2,high,low,4,cloudflare,,,28/09/2026 10:46
2a282617-dd8c-4a5f-97df-878e5992f3c9,blackfly.promo,available,11.98,33.48,medium,low,8,namecheap,,,19/09/2026 17:06
d0d7b87f-078b-43df-9104-3ad2525ba508,species.promo,available,14.49,24.99,high,low,7,namesilo,,,26/09/2026 00:22
d0d6b377-1d95-40a6-97ce-5911d51c855c,swell.promo,available,11.98,33.48,high,low,5,namecheap,,,08/08/2026 12:50
1f8f4b10-a6ed-4ef3-9f1a-3e1234e3a90f,nia.promo,available,19.2,19.2,high,low,3,cloudflare,,,29/09/2026 20:55
53b0e41d-b2c6-4596-bab4-f05439678c15,dehydrate.promo,available,11.98,33.48,medium,low,9,namecheap,,,14/08/2026 03:38
dc6f80c3-9dc0-40e2-b501-d46da4fedf66,intruder.promo,available,10.92,20.55,high,low,8,dynadot,,,29/09/2026 13:09
38e59fa4-d70b-40ce-9e97-ec7648fd773c,zhu.promo,premium,819.7,1638.01,high,low,3,porkbun,,,27/09/2026 20:59
dfee6d9c-ff7c-4074-b1bf-d28a9b266e81,prolix.promo,available,11.98,33.48,medium,low,6,namecheap,,,09/09/2026 03:04
356e29eb-cc1e-4b34-80b4-310433b6adb6,squalls.promo,available,14.49,24.99,low,low,7,namesilo,,,20/09/2026 14:16
33175db8-665d-47eb-9cb6-3616cadf841b,mourn.promo,available,10.55,19.87,high,low,5,spaceship,,,30/09/2026 11:23
2d580209-5d1d-4650-aa39-7fda78689659,permed.promo,available,11.98,33.48,medium,low,6,namecheap,,,08/09/2026 17:46
4d9ac106-831d-4f8c-83b1-b4e9e589fcf4,slashed.promo,available,11.98,33.48,medium,low,7,namecheap,,,10/09/2026 10:06
bd3c1351-359f-42ad-88f7-e23eaba54606,wardrobe.promo,available,11.98,33.48,high,low,8,namecheap,,,28/09/2026 06:52
6e60f675-1403-4ff4-b344-2ecc8f3394ea,probe.promo,available,10.55,19.87,high,low,5,spaceship,,,28/09/2026 10:09
bd99816c-abfb-4ad2-96e4-6c8a8d6de8e6,seaborne.promo,available,11.98,33.48,medium,low,8,namecheap,,,10/09/2026 00:34
aa760af1-4875-46ae-accb-c3d77e1f7468,dendroid.promo,available,11.98,33.48,medium,low,8,namecheap,,,06/08/2026 13:50
56cd50fc-10b4-4a5b-9c9d-baf3322c5c0d,messy.promo,available,11.98,33.48,high,low,5,namecheap,,,25/09/2026 19:49
7ba1ea92-44e8-4a22-8526-001bca5ccb1d,antenna.promo,available,14.49,24.99,high,low,7,namesilo,,,28/09/2026 21:39
61b120b8-5715-48c8-b1be-d4c86fa97cfd,anthology.promo,available,14.49,24.99,high,low,9,namesilo,,,19/09/2026 13:28
9ebd583f-6e49-4d15-8885-fc1edc14b3d3,circinate.promo,available,11.98,33.48,high,low,9,namecheap,,,
f64ead08-a113-4a9f-b5bc-592ed60e0aee,stressed.promo,available,11.98,33.48,medium,low,8,namecheap,,,10/09/2026 22:30
08d468e0-c46c-4f46-950c-a7705898bd25,braddock.promo,available,19.2,19.2,medium,low,8,cloudflare,,,29/09/2026 15:49
aecdc9f3-3abf-48db-aed9-ae0bb0f83ccd,cindy.promo,available,19.99,,high,low,5,name.com,,,
dce9cc40-c6fe-4bc9-a3f8-5c61336d2587,bloch.promo,available,10.55,19.87,medium,low,5,spaceship,,,28/09/2026 00:50
0a17ac87-8359-4b46-9023-df2a3519b15d,gujarat.promo,available,10.55,19.87,medium,low,7,spaceship,,,28/09/2026 19:24
fc945f36-e8cb-475e-9cc9-679f3213af82,bleacher.promo,available,14.49,24.99,high,low,8,namesilo,,,24/09/2026 05:15
1d5f2f6c-3885-4082-9dc4-83c548d4b732,transports.promo,available,14.49,24.99,medium,low,10,namesilo,,,20/09/2026 13:26
50f71982-5461-465e-84a7-d439b5027763,hostelry.promo,available,11.98,33.48,medium,low,8,namecheap,,,21/09/2026 02:26
011b538b-290c-40b5-8feb-8d0292b028a4,bamako.promo,available,14.49,24.99,medium,low,6,namesilo,,,22/09/2026 00:34
5644bd80-a7a7-4ea0-944d-371165d85406,manuel.promo,available,14.49,24.99,high,low,6,namesilo,,,25/09/2026 15:00
27ab7b77-f0b6-4a9f-b65c-91ba59197060,lucky.promo,premium,650,650,high,medium,5,namecheap,,,25/09/2026 15:33
b7fab0fb-913c-4e34-8893-a97e97930551,included.promo,available,11.98,33.48,high,low,8,namecheap,,,22/08/2026 01:33
a13126f8-32d7-4a14-a54c-8f4d3851eb63,guido.promo,available,14.49,24.99,high,low,5,namesilo,,,27/09/2026 06:38
46d52236-af08-4e8c-932d-19543c5df178,beady.promo,available,11.98,33.48,medium,low,5,namecheap,,,09/08/2026 03:23
8651170c-cf28-4d8d-b3dc-63bee523865b,font.promo,available,14.49,24.99,high,low,4,namesilo,,,22/09/2026 03:31
58865a3d-baf6-4c27-aec9-ef118892f8c9,contrabass.promo,available,11.98,33.48,medium,low,10,namecheap,,,12/08/2026 23:28
980658a8-85ed-4f88-a572-3020498f3b76,easiest.promo,available,13.5,,medium,low,7,unstoppable,,,28/09/2026 23:51
fc907e56-4d67-444d-b680-7e6b542bd7bb,peanut.promo,available,11.98,33.48,high,low,6,namecheap,,,08/09/2026 11:13
4108bb52-8836-48bb-9cd4-bc5b39a17c7a,pillock.promo,available,11.98,33.48,low,low,7,namecheap,,,10/09/2026 23:13
841e579b-9131-4c71-8c16-bad60ba7614c,proximity.promo,available,13.5,,high,low,9,unstoppable,,,29/09/2026 19:29
2de1b52e-3951-4b92-9ce1-e17f0acebb21,unlabelled.promo,available,11.98,33.48,medium,low,10,namecheap,,,12/09/2026 14:33
f1138625-ee9e-48b1-999f-f04f87c15505,cleo.promo,available,10.55,19.87,high,low,4,spaceship,,,29/09/2026 15:49
d71b7a03-5439-457e-a2b6-6f69cedcb72e,effortless.promo,available,11.98,33.48,high,low,10,namecheap,,,15/08/2026 16:21
2bbf08b8-db4c-4d5c-8675-a0b567194efe,consoling.promo,available,11.98,33.48,high,low,9,namecheap,,,12/08/2026 22:42
e6bfee08-4387-4be3-a37f-ce82f6196c62,references.promo,available,14.49,24.99,medium,low,10,namesilo,,,18/09/2026 16:07
927a5b7a-60e4-454e-87bb-eb28b9a9995f,astreus.promo,available,11.98,33.48,medium,low,7,namecheap,,,20/09/2026 17:34
90019f44-6656-4664-be34-f955a60069db,sdf.promo,available,10.55,19.87,high,low,3,spaceship,,,01/10/2026 08:35
991c7a82-2076-4fdd-8be6-e2b78fb1be26,elbow.promo,available,14.49,24.99,high,low,5,namesilo,,,20/09/2026 11:23
e404c179-93a8-4bb0-9f09-4a6ed4e06504,inward.promo,available,11.98,33.48,high,low,6,namecheap,,,21/08/2026 23:34
1b506b8a-7a4a-48cb-94f2-9838b545f94c,inflated.promo,available,11.98,33.48,medium,low,8,namecheap,,,21/08/2026 08:47
fc928b5f-fe47-4b96-b06a-493dd4b20923,matisse.promo,available,14.49,24.99,high,low,7,namesilo,,,29/09/2026 22:40
cbd1bd23-87b3-4e44-a3eb-43200f220e0f,sear.promo,available,11.98,33.48,medium,low,4,namecheap,,,14/08/2026 19:05
ddf435ee-0c6f-4d81-98d1-de290b34cacf,acrylamide.promo,available,14.49,24.99,medium,low,10,namesilo,,,17/09/2026 04:00
7854b792-64fa-4905-af69-9f8d7402d1ad,tongues.promo,available,14.49,24.99,medium,low,7,namesilo,,,18/09/2026 07:52
251fae22-0bab-450a-8e03-be9056a9ebf9,johnstown.promo,available,10.55,19.87,medium,low,9,spaceship,,,28/09/2026 22:27
f382ee1a-8564-41b6-889f-4e410e0bd47d,unforeseen.promo,available,11.98,33.48,high,low,10,namecheap,,,04/09/2026 18:50
3d641030-25c1-4985-955a-ca4e8f167c33,calculous.promo,available,11.98,33.48,medium,low,9,namecheap,,,11/08/2026 14:05
9fa94c17-6f33-46bb-bead-2e0c915d260b,louisiana.promo,premium,1035.2,1035.2,high,low,9,spaceship,,,28/09/2026 10:17
fae53e80-62e0-449b-ad57-e44b52c58dcd,mesoamerican.promo,available,19.2,19.2,medium,low,12,cloudflare,,,01/10/2026 06:11
6e7d44ec-e0d3-4ecb-8e0e-ff6564b69251,mine.promo,available,11.98,33.48,high,low,4,namecheap,,,25/09/2026 09:26
2f6aaf60-c254-4fba-893e-506c87e559ff,zoological.promo,available,11.98,33.48,high,low,10,namecheap,,,13/09/2026 15:33
f33bb09a-5092-4bae-bc5f-d9141a7d48b8,belongs.promo,available,11.98,33.48,medium,low,7,namecheap,,,25/09/2026 20:38
b1c9eb3b-1d8b-4aad-8810-6f006796056b,gratification.promo,available,10.55,19.87,medium,low,13,spaceship,,,02/10/2026 01:26
17338a1c-1ded-4c19-8170-c58625d122f0,castled.promo,available,11.98,33.48,medium,low,7,namecheap,,,11/08/2026 20:28
7b63ec76-02f5-4935-92d5-607d8a41b58d,barely.promo,available,10.81,20.08,medium,low,6,porkbun,,,27/09/2026 18:14
f203bde9-1e8f-4d0f-b190-f5c347f16844,ambler.promo,available,14.49,24.99,medium,low,6,namesilo,,,18/09/2026 17:07
9cb91b96-d014-40a9-8d7c-527de2e96842,muggy.promo,available,11.98,33.48,medium,low,5,namecheap,,,03/09/2026 10:31
de17f94c-18c0-47bd-9375-3b72a69f73eb,viewless.promo,available,11.98,33.48,medium,low,8,namecheap,,,13/09/2026 05:40
b2ae5bb8-fd3d-45d4-9588-d70dc8b3628c,blackbird.promo,available,14.49,24.99,high,low,9,namesilo,,,24/09/2026 02:07
6775e908-d724-4f64-96a5-945ce12911ba,retired.promo,available,14.49,24.99,high,low,7,namesilo,,,27/09/2026 13:17
f865bef9-6fc1-4fc5-8c41-7841df0e6a47,age.promo,available,14.49,24.99,high,low,3,namesilo,,,19/09/2026 07:13
cf548d7f-0b53-473e-b064-98cb4d555059,nonslip.promo,available,11.98,33.48,medium,low,7,namecheap,,,03/09/2026 20:38
6347ddc7-887f-4844-bc3e-bef0b8a05a88,unimpeded.promo,available,11.98,33.48,high,low,9,namecheap,,,12/09/2026 13:10
e933533b-0748-4678-8d53-3ac2a51d5325,genoese.promo,available,11.98,33.48,high,low,7,namecheap,,,18/08/2026 21:48
e06db0c7-38dc-4ef5-b413-98317d5cb067,griffiths.promo,available,14.49,24.99,medium,low,9,namesilo,,,26/09/2026 03:40
21863ed6-1a71-4687-a9b8-b68a0208e95d,hamlet.promo,available,10.55,19.87,high,low,6,spaceship,,,28/09/2026 18:50
c416c3de-5d69-4e4a-89ee-7253a59bdb32,firing.promo,available,14.49,24.99,high,low,6,namesilo,,,27/09/2026 03:58
2731892e-9202-4570-aca1-786db26aeb65,major.promo,premium,3450,3450,high,low,5,namesilo,,,25/09/2026 16:14
0e681489-469d-4070-a8fd-3391ccc955e5,rags.promo,available,10.55,19.87,medium,low,4,spaceship,,,30/09/2026 06:44
af3b4292-5983-4759-8168-c39535296cb0,bjs.promo,available,14.49,24.99,medium,low,3,namesilo,,,23/09/2026 23:25
e2f0c94e-f3e8-40d0-a9d3-54f728493442,drome.promo,available,14.49,24.99,high,low,5,namesilo,,,17/09/2026 12:59
8cd2963c-5f93-44f6-b77c-b3c66a981e06,bloodless.promo,available,11.98,33.48,medium,low,9,namecheap,,,07/08/2026 02:19
ac48e0e9-54a1-46b6-9627-dbf2d64ccb11,glissando.promo,available,11.98,33.48,medium,low,9,namecheap,,,14/09/2026 21:37
7785ea97-b08c-44ef-b1d3-f985acfc642c,resources.promo,available,19.99,,high,low,9,name.com,,,
851310f4-5bed-4df4-8c7a-89a36882b61c,telluric.promo,available,11.98,33.48,medium,low,8,namecheap,,,11/09/2026 10:39
5228d4cf-3e59-40c3-a337-03416dfb43c4,aspis.promo,available,14.49,24.99,medium,low,5,namesilo,,,20/09/2026 15:24
0a342fdb-b8e4-4bcf-8594-93e673fec641,unlicensed.promo,available,11.98,33.48,medium,low,10,namecheap,,,11/09/2026 23:37
60df6abe-19c5-47f2-80da-e9f7edf68656,cyberspace.promo,available,10.55,19.87,high,low,10,spaceship,,,28/09/2026 08:02
a42cf40b-b8ff-461f-8dbb-9ed3eba1a824,deeply.promo,available,11.98,33.48,medium,low,6,namecheap,,,13/08/2026 22:30
95b9020b-334e-4c8d-ae30-b8ec1efb6fc6,blt.promo,available,14.49,24.99,high,low,3,namesilo,,,21/09/2026 16:25
baca33a9-9444-4bde-800b-1f557dbca171,gentlemen.promo,available,14.49,24.99,high,low,9,namesilo,,,25/09/2026 17:34
33494d73-64a5-4268-8ca4-82ef485c454e,strange.promo,available,10.55,19.87,high,low,7,spaceship,,,28/09/2026 01:26
c973e2ab-713c-4e7d-afcd-ec3bf6636d65,mandy.promo,available,13.5,,medium,low,5,unstoppable,,,28/09/2026 17:34
e8406428-db92-4dd4-8f8e-048a9a4801e8,workload.promo,available,10.92,20.55,high,low,8,dynadot,,,30/09/2026 03:09
dee0d547-1780-4b3b-8f86-733716aa9cda,mla.promo,available,14.49,24.99,high,low,3,namesilo,,,28/09/2026 03:26
e826db92-f1c7-4b11-944c-5ff891b5689e,banners.promo,premium,3450,3450,medium,low,7,namesilo,,,01/10/2026 00:27
b5a90962-e55f-4096-99ea-83d8607b5ad6,nevada.promo,premium,1107,1107,high,low,6,namesilo,,,29/09/2026 01:35
3ff88835-9106-4f13-a05e-44d3b027d95b,fey.promo,available,11.98,33.48,medium,low,3,namecheap,,,16/08/2026 03:39
ff275eed-c718-48be-8c6b-19907d822796,done.promo,available,14.49,24.99,high,low,4,namesilo,,,24/09/2026 11:39
b56542d3-3581-44c2-b394-1e81268b6353,collectives.promo,available,19.2,19.2,medium,low,11,cloudflare,,,02/10/2026 02:49
3036bec3-7f01-476f-90da-6b02e7412451,ucla.promo,available,14.49,24.99,high,low,4,namesilo,,,25/09/2026 15:03
429edac1-5d76-416e-896f-11c022a59bfd,achaean.promo,available,11.98,33.48,medium,low,7,namecheap,,,
613d24c9-ecab-4fae-893b-a58a0ccfb009,teeny.promo,available,11.98,33.48,high,low,5,namecheap,,,10/08/2026 08:12
3ccc9d62-84f6-408a-a756-29fe3835f445,leggett.promo,available,14.49,24.99,high,low,7,namesilo,,,01/10/2026 23:34
7caa5c09-057a-45ce-9829-34fea761e0eb,singularly.promo,available,11.98,33.48,medium,low,10,namecheap,,,16/09/2026 01:55
ae3d34c9-6364-44d4-a062-a59864df0107,brad.promo,available,14.49,24.99,high,low,4,namesilo,,,24/09/2026 07:52
f7e9272f-6cff-4a5f-a066-280b99e6aa40,valved.promo,available,11.98,33.48,medium,low,6,namecheap,,,13/09/2026 01:03
f11d1444-818c-4a01-a6ab-5e3dd7ab5844,basuto.promo,available,14.49,24.99,medium,low,6,namesilo,,,22/09/2026 13:01
5dc4c217-179c-4cdf-8042-efbcb08fe235,nie.promo,premium,1300,1300,medium,low,3,namecheap,,,30/09/2026 03:54
ba601119-9141-4cd8-aff5-086c62f822a5,hereabout.promo,available,11.98,33.48,medium,low,9,namecheap,,,15/09/2026 00:18
8ed1bddb-80ce-4954-b86a-e77a0003b249,damascus.promo,available,14.49,24.99,high,low,8,namesilo,,,29/09/2026 07:02
f87aa535-02e0-473e-badf-0459b8a2d4f5,resent.promo,available,10.81,20.08,high,low,6,porkbun,,,29/09/2026 20:46
95d99836-47e1-483f-b978-fc486b472b99,inflected.promo,available,11.98,33.48,medium,low,9,namecheap,,,22/08/2026 04:31
077c3c92-73b0-4cf3-9849-5085e987d8fb,specialize.promo,available,14.49,24.99,high,low,10,namesilo,,,29/09/2026 14:15
7efade26-01af-476a-ba7b-beead8a6e9be,sum.promo,available,14.49,24.99,high,low,3,namesilo,,,28/09/2026 22:55
9295f4cb-fb68-414b-b4d5-f3a1ecc2005c,holders.promo,available,13.5,,medium,low,7,unstoppable,,,30/09/2026 16:18
8d84d922-288b-4876-bf0d-e31b99e11225,tolerated.promo,available,14.49,24.99,high,low,9,namesilo,,,30/09/2026 12:15
0cb5f0a8-7080-4d30-bdb3-84adafbe4247,snowdrop.promo,available,11.98,33.48,high,low,8,namecheap,,,19/09/2026 05:27
531a1189-8952-4742-a321-a50cdf270763,ultraviolet.promo,available,10.55,19.87,high,low,11,spaceship,,,30/09/2026 03:39
d50d7352-fbde-4ef5-b4a4-a9a55bb70760,control.promo,available,14.49,24.99,high,low,7,namesilo,,,02/10/2026 01:15
4bd212e7-97e4-4735-863b-98e753b995d7,unlisted.promo,available,11.98,33.48,high,low,8,namecheap,,,12/09/2026 14:55
1e5c4aef-85e1-44e6-8cec-42d24252b0ce,cent.promo,available,19.99,,high,low,4,name.com,,,
136bf8c2-efa7-49f6-88c0-2aaf6b1deebc,lawfully.promo,available,19.99,35.99,medium,low,8,name.com,,,13/08/2026 19:09
c2c6f8c8-54de-43ec-93c5-9ad8e952b915,kidnapper.promo,available,14.49,24.99,medium,low,9,namesilo,,,16/09/2026 14:52
a7187af0-4e32-465b-8e86-dd39a445ce64,chartered.promo,available,11.98,33.48,high,low,9,namecheap,,,12/08/2026 02:47
fcbf84f7-52d7-4129-80c5-dcea7f2d751a,erotism.promo,available,14.49,24.99,medium,low,7,namesilo,,,18/09/2026 16:15
adf03471-542b-4387-97d9-fc060007c9ed,tres.promo,available,10.81,20.08,high,low,4,porkbun,,,01/10/2026 22:18
5cbdea69-fa0f-4ab5-ae1a-5727c3469d4f,asian.promo,premium,1365.98,2729.67,high,low,5,porkbun,,,29/09/2026 09:41
bb06979f-758f-43ae-b1ee-1aa75445b56d,picayune.promo,available,11.98,33.48,medium,low,8,namecheap,,,18/08/2026 03:37
1b14294f-d6ea-4b53-8b71-c4bf2d610771,potent.promo,available,11.98,33.48,high,low,6,namecheap,,,09/09/2026 00:48
00329b6b-9513-4e5c-9eaa-b3eeedc6b0e5,disraeli.promo,available,14.49,24.99,medium,low,8,namesilo,,,23/09/2026 08:17
5d3f350a-a153-4bc4-ac60-e05dc7ccec50,kidney.promo,available,14.49,24.99,high,low,6,namesilo,,,30/09/2026 01:20
69e261b9-ebf7-44fa-aab5-2541fdff85ca,niigata.promo,available,10.81,20.08,medium,low,7,porkbun,,,02/10/2026 00:28
a2923f5f-db6e-4745-b1e4-474e5f35f811,alvin.promo,available,14.49,24.99,high,low,5,namesilo,,,25/09/2026 13:49
53093025-7235-4ab4-ae9b-5c92695fd665,bitumen.promo,available,14.49,24.99,medium,low,7,namesilo,,,23/09/2026 23:13
79c48bc4-7207-4306-884d-d3deb121dce8,lombardy.promo,available,19.2,19.2,medium,low,8,cloudflare,,,28/09/2026 10:16
b75528a9-3848-420a-a5dc-57f918e6604b,weld.promo,available,11.98,33.48,high,low,4,namecheap,,,02/10/2026 04:40
c1cf2446-cb3f-4a61-935b-ddbe78f15465,timothy.promo,available,13.5,,high,low,7,unstoppable,,,01/10/2026 02:30
43581ed3-b2b4-4576-89f2-567400f3d51b,mayfield.promo,available,10.81,20.08,medium,low,8,porkbun,,,28/09/2026 12:21
70aec2d3-f8a9-4ea7-ab16-0083416ae460,zapotec.promo,available,11.98,33.48,high,low,7,namecheap,,,13/09/2026 15:07
4a412c80-35e6-4bcc-8a19-1b402924f897,compatible.promo,available,14.49,24.99,high,low,10,namesilo,,,23/09/2026 16:57
c7348b8c-8588-4ba0-ba52-fa2642feff24,bended.promo,available,11.98,33.48,low,low,6,namecheap,,,09/08/2026 14:15
a6599f15-ac86-475a-95fb-e7a04e55bcec,villa.promo,available,14.49,24.99,medium,low,5,namesilo,,,29/09/2026 00:41
72b5d338-9e4c-4f3f-be8e-c709aebdee8c,prelate.promo,available,14.49,24.99,medium,low,7,namesilo,,,20/09/2026 02:36
5f39752b-3858-4b80-924f-5e0dcc18f63d,rideshare.promo,available,10.92,20.55,high,low,9,dynadot,,,02/10/2026 03:28
f09f7754-1483-4065-9564-c06650d068af,evocative.promo,available,11.98,33.48,high,low,9,namecheap,,,17/08/2026 15:14
30b70a70-0dad-4ad4-84d1-61dae392bc4b,usually.promo,available,10.55,19.87,medium,low,7,spaceship,,,28/09/2026 14:12
126092a8-c7c8-4d4f-89ed-680263b757cd,amuck.promo,available,11.98,33.48,medium,low,5,namecheap,,,
f80a17ee-fb3d-4e50-a0a1-cd4384fa9dda,hickory.promo,available,19.2,19.2,high,low,7,cloudflare,,,30/09/2026 17:36
bac67740-d19d-479a-ba90-7bef91731e8b,zirconium.promo,available,11.98,33.48,medium,low,9,namecheap,,,20/09/2026 23:04
95c65595-9d02-4695-87a6-adf16d7d9e79,routledge.promo,available,14.49,24.99,medium,low,9,namesilo,,,28/09/2026 16:54
8f24d99b-9ac1-475a-9517-079bf41a7f24,sneeze.promo,available,14.49,24.99,high,low,6,namesilo,,,30/09/2026 11:17
f7b5936b-12cc-4826-ad6d-55726540447a,liveable.promo,available,11.98,33.48,high,low,8,namecheap,,,24/08/2026 07:44
8a201150-0aa1-46a5-a0c0-1746efccc67a,haryana.promo,available,14.49,24.99,medium,low,7,namesilo,,,30/09/2026 12:51
1445b8c6-4a4b-49b8-8756-af67f5c993d4,infection.promo,available,14.49,24.99,medium,low,9,namesilo,,,27/09/2026 04:34
46d6b457-618d-4538-9ac5-b905e6f95850,babbling.promo,available,14.49,24.99,high,low,8,namesilo,,,21/09/2026 12:23
44fefcc9-b567-40a2-a643-eb1a30321cef,shocking.promo,available,14.49,24.99,medium,low,8,namesilo,,,24/09/2026 11:12
3467af56-060b-49ee-9023-2055f5f264b9,fogged.promo,available,11.98,33.48,medium,low,6,namecheap,,,18/08/2026 09:51
3fc4d185-5195-46d1-8633-70fc7f166ca9,playwright.promo,available,10.81,20.08,high,low,10,porkbun,,,30/09/2026 09:24
9b0069c1-9061-46f7-9e6c-c17e419b8eee,garbled.promo,available,11.98,33.48,medium,low,7,namecheap,,,14/08/2026 11:20
4905e3ad-5def-484b-bc64-e8983167d19b,senescence.promo,available,14.49,24.99,medium,low,10,namesilo,,,17/09/2026 16:52
b1ada2cb-6afe-4405-ba6c-f2bf085cd528,absalom.promo,available,10.55,19.87,medium,low,7,spaceship,,,01/10/2026 23:58
ac289832-f0be-40ce-b5b8-bd800d1dcc0f,brilliantly.promo,available,10.55,19.87,high,low,11,spaceship,,,29/09/2026 21:24
cb9494c4-77ee-4fe6-9bae-c5aac98a77ee,diocesan.promo,available,11.98,33.48,medium,low,8,namecheap,,,14/08/2026 08:18
112cef38-0c1a-4a5c-95e0-9a1fbee339b6,farmington.promo,available,10.55,19.87,medium,low,10,spaceship,,,28/09/2026 05:41
5a28f693-4057-4b58-b43f-88d5bbe92fa9,apogean.promo,available,11.98,33.48,medium,low,7,namecheap,,,06/08/2026 01:57
b74f1fe0-d92b-4143-863e-8c7a402989e1,pretext.promo,available,19.2,19.2,high,low,7,cloudflare,,,30/09/2026 01:48
3239fc48-e063-4d8b-b9df-d46393145b63,stray.promo,available,14.49,24.99,high,low,5,namesilo,,,25/09/2026 11:32
613fea8f-c679-4620-a80c-d0dc5fcaa6f1,whisper.promo,available,11.98,33.48,high,low,7,namecheap,,,13/09/2026 11:38
0b3dc0e3-e098-443f-9a83-03b095cbab42,sampling.promo,available,19.2,19.2,high,low,8,cloudflare,,,30/09/2026 02:46
d6dca9b8-0b2b-445b-b779-e083b09959d4,ignores.promo,available,19.2,19.2,low,low,7,cloudflare,,,02/10/2026 03:56
afeef6ef-1e3a-4370-bdf3-a83ca17a0db5,harrison.promo,available,14.49,24.99,high,low,8,namesilo,,,23/09/2026 08:20
14c42d8b-a0b3-412e-beb6-e385da8b2981,inherited.promo,available,11.98,33.48,high,low,9,namecheap,,,18/08/2026 21:33
e74fbc10-72dd-4fdc-bc8f-91553fbc7361,weil.promo,available,14.49,24.99,medium,low,4,namesilo,,,19/09/2026 04:20
671bf5c5-caf6-46fc-8ea8-0014faa09846,inquisitive.promo,available,19.2,19.2,high,low,11,cloudflare,,,01/10/2026 21:35
49256b55-47bd-4ce6-91a5-67ad691a8a1e,cherish.promo,available,10.55,19.87,high,low,7,spaceship,,,29/09/2026 08:23
0de76d1e-631c-4bf0-8f11-6063ca05df42,margins.promo,available,10.55,19.87,medium,low,7,spaceship,,,30/09/2026 06:12
d1063f4d-6ab9-45d1-bee9-5a3b4cbdfe11,dew.promo,available,13.5,,high,low,3,unstoppable,,,29/09/2026 14:47
ab1dc836-b537-4529-94f8-aa212e7e4347,trying.promo,available,11.98,33.48,high,low,6,namecheap,,,03/09/2026 15:44
47643d77-ea01-4ebc-9afb-ae575b19e077,maniac.promo,available,11.98,33.48,high,low,6,namecheap,,,24/08/2026 11:21
0bdf6176-39e1-4e50-b41d-dc08b1419482,upstage.promo,available,11.98,33.48,medium,low,7,namecheap,,,
b1f31506-134d-4f57-a5fa-acc000bd02eb,lenz.promo,available,19.2,19.2,high,low,4,cloudflare,,,02/10/2026 03:05
cdb819f7-7251-4f7c-819c-57f0f22afcb2,thee.promo,available,14.49,24.99,high,low,4,namesilo,,,30/09/2026 21:59
3ce73ce2-a5bc-43ad-944a-81e1084b409d,dim.promo,available,11.98,33.48,high,low,3,namecheap,,,10/08/2026 13:58
ee82e434-d6c5-471b-9f1e-1216a7efd394,hangzhou.promo,available,10.55,19.87,high,low,8,spaceship,,,30/09/2026 17:32
68550c5f-dbdf-4549-b35e-f0249d80ff14,hackmatack.promo,available,14.49,24.99,medium,low,10,namesilo,,,22/09/2026 00:09
12b364aa-884e-4283-880f-09560e12a252,cementing.promo,available,13.5,,medium,low,9,unstoppable,,,30/09/2026 07:44
a4ac8707-1977-4de4-8c32-c995dc69eaf1,honorific.promo,available,11.98,33.48,medium,low,9,namecheap,,,21/08/2026 13:32
5ea4501e-3363-4020-938e-319d2744e2d0,quitting.promo,available,11.98,33.48,medium,low,8,namecheap,,,17/09/2026 01:45
a39640d0-ffda-433f-be47-b3f7c1d539fb,ewart.promo,available,10.55,19.87,medium,low,5,spaceship,,,30/09/2026 21:28
3d3361cd-c7bf-4fd8-b0eb-f1f74347bda7,suckers.promo,available,13.5,,medium,low,7,unstoppable,,,30/09/2026 16:06
d1242aab-210e-44f7-9766-bc6ffb807df6,dummy.promo,available,11.98,33.48,high,low,5,namecheap,,,24/09/2026 12:20
3954d232-18f2-48f9-afc8-317e7aedac3e,suomi.promo,available,11.98,33.48,high,low,5,namecheap,,,18/08/2026 05:05
38dd48c1-3e34-414f-95f8-7826c392e398,reputed.promo,available,10.55,19.87,medium,low,7,spaceship,,,01/10/2026 06:05
e84197af-ee47-4683-813e-7dd71b2c452c,motorcar.promo,available,14.49,24.99,high,low,8,namesilo,,,21/09/2026 05:29
5f1b33c3-dcb4-47fc-bde2-c38633b0bb2c,chanted.promo,available,11.98,33.48,medium,low,7,namecheap,,,12/08/2026 02:00
3529d584-8dc1-432e-95ea-f08c57ae18f9,plata.promo,premium,302.5,302.5,high,low,5,namesilo,,,27/09/2026 02:58
1774b829-580b-446b-b4b2-6d47d3ad2aeb,aeschylus.promo,available,14.49,24.99,medium,low,9,namesilo,,,17/09/2026 13:19
03f06a9e-6cce-4ad1-a271-1706c108e561,journalist.promo,available,19.2,19.2,high,low,10,cloudflare,,,27/09/2026 12:59
8725fec5-9fb3-40f5-99a1-33a0d5a2d87c,indicated.promo,available,11.98,33.48,medium,low,9,namecheap,,,28/09/2026 12:56
cd93fc9a-d0cf-4727-a616-c04b381373fe,pressure.promo,available,14.49,24.99,high,low,8,namesilo,,,24/09/2026 23:12
d6a35724-4ee2-4345-9fb7-edc4d63fc133,thoreau.promo,available,14.49,24.99,high,low,7,namesilo,,,29/09/2026 13:02
297c6848-7ae5-4b14-9235-6ef4c8984461,benchmark.promo,available,11.98,33.48,high,low,9,namecheap,,,23/09/2026 07:38
9dfde28c-b270-4316-b9f0-801c390ec8ea,crochet.promo,available,14.49,24.99,high,low,7,namesilo,,,24/09/2026 19:40
9e4ea01f-9e2e-4564-9ac5-7b9e64e7559f,tectonics.promo,available,14.49,24.99,medium,low,9,namesilo,,,20/09/2026 02:14
8339dc6a-e51c-4a02-900a-844094bbc949,screenplay.promo,available,10.55,19.87,high,low,10,spaceship,,,28/09/2026 20:23
9b4a5ddd-79b8-4691-91ce-569cda7b71dd,ilx.promo,available,11.98,33.48,medium,low,3,namecheap,,,
53439c74-7fe3-4bd7-b2cd-d0c8b50c1474,bifacial.promo,available,11.98,33.48,medium,low,8,namecheap,,,09/08/2026 19:57
9c0ae143-a52c-4e65-857f-ea77f7fcbb9e,recorded.promo,available,14.49,24.99,high,low,8,namesilo,,,27/09/2026 10:58
bd137a28-2ad9-48ab-bb63-7532bdd0b858,fray.promo,available,19.2,19.2,medium,low,4,cloudflare,,,01/10/2026 19:39
fe9dca25-3641-4a66-a792-f66955b70ea1,spender.promo,available,14.49,24.99,high,low,7,namesilo,,,19/09/2026 09:49
14a40720-79cc-4f37-82a1-cef1f6f9dfc3,merchandise.promo,available,14.49,24.99,high,low,11,namesilo,,,30/09/2026 09:41
1deeff7e-55ce-4ad5-904c-7dba666c5f72,armillaria.promo,available,14.49,24.99,medium,low,10,namesilo,,,20/09/2026 07:07
691c2297-6d86-47bb-a8ff-aec28ca16585,fitzpatrick.promo,available,14.49,24.99,medium,low,11,namesilo,,,27/09/2026 07:56
50fc0ba7-f090-4c17-bdd2-10f388b4ef17,dumbfound.promo,available,14.49,24.99,medium,low,9,namesilo,,,21/09/2026 17:37
87d8a6e3-6891-478b-9270-30d58ab1d40c,joyful.promo,available,11.98,33.48,high,low,6,namecheap,,,20/08/2026 14:22
4298d37a-3f6c-401d-b5a9-c4e0cfa6bd59,coursework.promo,available,13.5,,high,low,10,unstoppable,,,30/09/2026 16:49
7afd1260-9b9b-4a8a-ab59-ed69cb895264,crook.promo,available,11.98,33.48,medium,low,5,namecheap,,,13/08/2026 06:27
c5bf35d1-7997-452a-9cec-ba63c9c6a5bb,quietly.promo,available,11.98,33.48,high,low,7,namecheap,,,09/09/2026 08:49
a1e29b14-c9fb-477a-9a74-b15b3cd24345,lopez.promo,available,14.49,24.99,high,low,5,namesilo,,,25/09/2026 12:44
0590bc6e-0bb0-495f-ba67-a6c35ea9000c,cumulous.promo,available,11.98,33.48,medium,low,8,namecheap,,,13/08/2026 10:30
ec5ba348-7c53-4b87-801e-dfc7b7c58af3,embryo.promo,available,14.49,24.99,high,low,6,namesilo,,,30/09/2026 16:45
72ce2311-d0aa-4b6b-8450-2141b552568e,emma.promo,available,14.49,24.99,high,medium,4,namesilo,,,25/09/2026 12:33
ce8d402e-6294-42ad-a8e0-541563158783,cluttered.promo,available,11.98,33.48,medium,low,9,namecheap,,,12/08/2026 13:12
0f641692-789a-43b2-a188-166bd207ae41,petite.promo,available,11.98,33.48,medium,low,6,namecheap,,,08/08/2026 14:24
d41899e2-5788-4ae2-affd-2a7d03248031,keeps.promo,available,11.98,33.48,high,low,5,namecheap,,,25/09/2026 19:06
92686fc3-369e-4e66-b3bc-c9439c5b9147,hypnotized.promo,available,11.98,33.48,high,low,10,namecheap,,,17/08/2026 22:46
2b2caab8-0f3f-49cb-8ae8-6a4a2f4d0cfc,autogenic.promo,available,11.98,33.48,medium,low,9,namecheap,,,07/08/2026 20:21
38e3ae4b-8bda-404c-9a77-20ef693b6105,confession.promo,available,10.55,19.87,high,low,10,spaceship,,,29/09/2026 10:52
bd2bf775-defc-404e-8c96-c536844edfd9,haywood.promo,available,14.49,24.99,medium,low,7,namesilo,,,23/09/2026 14:07
48d6427e-ac07-47be-9b03-aec902f849f8,historied.promo,available,11.98,33.48,medium,low,9,namecheap,,,21/08/2026 09:53
527c7195-29fe-4085-8663-2cfc89871d03,strut.promo,available,11.98,33.48,high,low,5,namecheap,,,11/09/2026 05:11
3cc1d518-eb3c-4ece-9601-4e4e6f511cda,abvolt.promo,available,11.98,33.48,medium,low,6,namecheap,,,16/09/2026 19:39
30f0562f-a33e-40b8-b4ce-6dba5524efe4,biscuits.promo,available,13.5,,medium,low,8,unstoppable,,,29/09/2026 17:26
2440f7ec-aad9-44ee-97a1-5df43dbdcb5f,autolytic.promo,available,11.98,33.48,medium,low,9,namecheap,,,07/08/2026 20:42
27705176-a0c2-49bf-8a95-a95035370a9d,aphoristic.promo,available,11.98,33.48,medium,low,10,namecheap,,,05/08/2026 23:31
9fb2f7b9-d743-46e3-8b0e-112a02ee869c,bilingual.promo,available,11.98,33.48,high,low,9,namecheap,,,09/08/2026 21:21
4816ac7f-cd99-4755-b03e-93f9ac600491,reproduction.promo,available,13.5,,medium,low,12,unstoppable,,,29/09/2026 15:58
08a5a15d-9edb-4ea9-94b9-088c2cb5257a,breathless.promo,available,11.98,33.48,medium,low,10,namecheap,,,11/08/2026 03:23
4b4903a4-0951-4ede-9538-c862cfc54a29,apparatus.promo,available,11.98,33.48,high,low,9,namecheap,,,19/09/2026 19:49
00a8b6a0-b876-4201-aa06-24852431cc5f,strings.promo,available,14.49,24.99,high,low,7,namesilo,,,27/09/2026 05:33
0f7eae7b-ea84-4d1c-bd5d-f86fa1d9fcc0,mythological.promo,available,11.98,33.48,high,low,12,namecheap,,,30/09/2026 14:14
e30c3af3-f0a9-4282-bd96-09ab59bec668,adulterous.promo,available,11.98,33.48,medium,low,10,namecheap,,,
58616ca5-9899-4d05-9a42-b7a5337235a3,breaking.promo,available,14.49,24.99,high,low,8,namesilo,,,25/09/2026 02:26
97939271-962a-41ce-9cc7-7e303acba7ed,freaky.promo,available,11.98,33.48,high,low,6,namecheap,,,10/08/2026 10:01
0419628e-69b6-4f69-8e26-4ce2de9705dc,revised.promo,available,14.49,24.99,high,low,7,namesilo,,,27/09/2026 14:32
2265bbe2-7138-458f-b573-50c844a035da,allspice.promo,available,11.98,33.48,high,low,8,namecheap,,,18/09/2026 12:10
ae3227d9-a0b0-4ac7-9e83-44a4897f259d,crass.promo,available,11.98,33.48,medium,low,5,namecheap,,,13/08/2026 05:23
0eb9e386-ceaa-4fa4-adfa-d6c846b544d4,answer.promo,available,13.5,,high,low,6,unstoppable,,,28/09/2026 21:32
b515e67a-bca8-4472-99f1-69b88a09c9b1,vancouver.promo,premium,1365.98,2729.67,high,medium,9,porkbun,,,29/09/2026 12:40
7357b59a-736f-4bb7-ab63-b8cc94d6de9b,shoreline.promo,available,10.55,19.87,high,low,9,spaceship,,,30/09/2026 11:01
99d968b3-fc37-44ca-8270-b7456facd700,fur.promo,available,11.98,33.48,high,low,3,namecheap,,,27/09/2026 04:05
4e5443e8-5494-4b53-b0e7-6a6e613816a6,undone.promo,available,11.98,33.48,medium,low,6,namecheap,,,11/09/2026 01:55
25a3f098-46af-4873-ac84-a48baff0905c,baths.promo,available,13.5,,high,low,5,unstoppable,,,28/09/2026 23:22
2247c4c1-1477-4962-8bb9-da8033317fdc,antiracist.promo,available,14.49,24.99,high,low,11,namesilo,,,01/10/2026 13:07
2a896b54-9746-4361-a7e5-570d8c218d41,gilded.promo,available,11.98,33.48,high,low,6,namecheap,,,14/08/2026 00:55
95e7dff3-89f8-4081-9457-94294ff9eb89,standardize.promo,available,14.49,24.99,high,low,11,namesilo,,,01/10/2026 23:03
85dc4161-27b0-41e4-8d49-80b5d7820bfd,aidan.promo,available,14.49,24.99,high,low,5,namesilo,,,29/09/2026 15:22
be7be151-bfcc-423c-9d6f-1dbe5acda5c6,hep.promo,available,11.98,33.48,high,low,3,namecheap,,,21/08/2026 06:44
594555ab-45cb-48d5-8f5c-7bc5884f43d9,bagpipe.promo,available,11.98,33.48,high,low,7,namecheap,,,21/09/2026 18:26
df5039a9-ec36-41ee-a530-26cac21130a5,companions.promo,available,19.2,19.2,medium,low,10,cloudflare,,,29/09/2026 05:19
b99a18cd-e35c-4ad3-837f-9c190412f905,gained.promo,available,10.81,20.08,low,low,6,porkbun,,,28/09/2026 08:35
1bb65166-2b60-4b23-a762-a4c6b897a430,reader.promo,available,10.55,19.87,high,low,6,spaceship,,,30/09/2026 02:38
9f2ce2ad-dae5-4ea0-80f8-94baf45e9848,sting.promo,available,11.98,33.48,high,low,5,namecheap,,,10/09/2026 20:46
39750336-40ad-45ab-8f3a-f938cec488b0,superfamily.promo,available,19.2,19.2,high,low,11,cloudflare,,,29/09/2026 02:59
cd898a87-1ef9-42ea-8a6d-46b616a9ce67,huston.promo,available,10.55,19.87,medium,low,6,spaceship,,,28/09/2026 14:28
52576d72-7967-40b8-8609-dc102b82abbe,birds.promo,available,19.99,,high,low,5,name.com,,,
f55e8a62-f3b0-47c7-94de-188369accf99,brent.promo,available,11.98,33.48,high,low,5,namecheap,,,28/09/2026 05:19
409533d3-9aa8-4dc3-9629-71ef52632929,superuser.promo,available,10.92,20.55,high,low,9,dynadot,,,02/10/2026 03:00
295e04c0-8f47-47d4-859c-b3573237ad20,delilah.promo,available,10.55,19.87,high,low,7,spaceship,,,01/10/2026 19:14
40dfb93a-5b04-46b2-9025-8d39a87b270d,alexandra.promo,available,11.98,33.48,medium,low,9,namecheap,,,27/09/2026 02:30
056dafc4-49e8-4721-b4c6-bb0a25515ab4,dooley.promo,available,10.81,20.08,high,low,6,porkbun,,,30/09/2026 12:47
6d5f4b05-3682-4c05-853b-7c082ae91655,aware.promo,available,11.98,33.48,high,low,5,namecheap,,,25/09/2026 20:16
826d8840-ea1f-4b14-b724-8d82ce272ebf,blocking.promo,available,14.49,24.99,high,low,8,namesilo,,,28/09/2026 00:53
e2817225-3941-4368-8a1a-05bd6fa83e93,primates.promo,available,10.55,19.87,high,low,8,spaceship,,,30/09/2026 02:24
62b8e702-15d6-48ea-a6fb-6dcfd92f3599,diluvian.promo,available,11.98,33.48,medium,low,8,namecheap,,,14/08/2026 07:51
d79b663d-ad42-4ac1-b78e-3772e6b6e0d1,lifelong.promo,premium,302.5,302.5,high,low,8,namesilo,,,23/08/2026 01:51
6443acfb-1006-4f1d-988d-74504c79332b,earl.promo,available,19.2,19.2,high,low,4,cloudflare,,,28/09/2026 05:33
a868f7dd-d328-4580-967c-292d5128c044,immorality.promo,available,11.98,33.48,medium,low,10,namecheap,,,17/08/2026 15:04
fa77f8d9-3007-4cb4-a15e-3dd9b4037c9c,scruffy.promo,available,11.98,33.48,medium,low,7,namecheap,,,10/09/2026 00:25
cb2fd5f9-3c48-45dd-8ba1-9d355abd1a62,mexicana.promo,available,10.55,19.87,high,low,8,spaceship,,,29/09/2026 09:18
1aee15f3-a10a-40ee-8f3b-78ade92eb318,darnel.promo,available,11.98,33.48,medium,low,6,namecheap,,,22/09/2026 21:10
eb6b1ac1-658e-4674-9d21-441993154c72,muckle.promo,available,11.98,33.48,medium,low,6,namecheap,,,25/08/2026 00:34
5f6e4024-9714-46e6-b04e-d14e4d38daaf,texture.promo,available,10.55,19.87,high,low,7,spaceship,,,28/09/2026 20:37
90eaa117-ab71-4f40-9554-e2aee7b056c9,patriotism.promo,available,19.2,19.2,high,low,10,cloudflare,,,30/09/2026 05:24
cc4bdd30-d36a-4c30-b053-5a4c8f771190,baroness.promo,available,14.49,24.99,high,low,8,namesilo,,,22/09/2026 07:21
b37430c7-0be0-4f41-b9c9-5ca08846740c,supper.promo,premium,302.5,302.5,high,low,6,namesilo,,,30/09/2026 12:31
34db1e6b-c7ca-46af-a690-afdc6bc0b760,continuing.promo,available,14.49,24.99,high,low,10,namesilo,,,23/09/2026 22:17
cef1f089-83f2-4606-9eb8-df9fd2f1143d,irving.promo,available,14.49,24.99,medium,low,6,namesilo,,,25/09/2026 07:50
6ee3ef25-feb5-46c9-be6e-ec9976ffb49d,righted.promo,available,14.49,24.99,medium,low,7,namesilo,,,20/09/2026 15:58
6aad9281-9034-4d26-a7b6-308269eb4fbd,ovine.promo,available,11.98,33.48,medium,low,5,namecheap,,,04/09/2026 22:07
c93daf20-817a-45d5-8dc6-527b7bb1db65,temporal.promo,available,11.98,33.48,high,low,8,namecheap,,,11/09/2026 11:00
b7f3957b-986c-4860-b045-1fd45855766b,sapodilla.promo,available,14.49,24.99,medium,low,9,namesilo,,,17/09/2026 00:57
cbaf215a-bbd7-4a92-9a14-ad02d0c657f8,bodied.promo,available,11.98,33.48,medium,low,6,namecheap,,,10/08/2026 16:44
e73ff172-bf6f-484f-a2fa-37f4593c76d3,motorist.promo,available,14.49,24.99,high,low,8,namesilo,,,21/09/2026 07:26
6b3fe4b1-ac25-4711-8ab4-9aced698ab28,florentine.promo,available,11.98,33.48,high,low,10,namecheap,,,18/08/2026 08:58
011fb169-89a4-40fd-a108-6722f958078a,unbridled.promo,available,11.98,33.48,high,low,9,namecheap,,,12/09/2026 04:31
91917f2c-22eb-456d-8dea-4929801e1b6a,announcement.promo,premium,302.5,302.5,high,low,12,namesilo,,,26/09/2026 00:47
bdd977ae-2d8d-44ee-9b18-deae454e374a,elucidated.promo,available,10.55,19.87,medium,low,10,spaceship,,,30/09/2026 16:27
2932ddfb-a382-45fe-a876-e15b2c39e245,disordered.promo,available,11.98,33.48,medium,low,10,namecheap,,,14/08/2026 11:18
c49c4191-847c-4976-8cbd-62803089e338,catclaw.promo,available,14.49,24.99,medium,low,7,namesilo,,,23/09/2026 23:59
027e2815-23d8-4489-9bf3-d1b983e4e17b,succeeds.promo,available,19.2,19.2,medium,low,8,cloudflare,,,30/09/2026 16:01
ebfc1f53-4285-4855-bbc7-e2f142f223fd,passport.promo,available,14.49,24.99,high,low,8,namesilo,,,27/09/2026 04:57
73e424b3-16b4-4a35-8f1f-32e3a13bf316,dumfries.promo,available,14.49,24.99,medium,low,8,namesilo,,,30/09/2026 05:24
6287e280-7b79-4626-85ab-3ad535af78cd,raids.promo,available,10.55,19.87,medium,low,5,spaceship,,,30/09/2026 07:30
f19e2a45-b44f-4da3-9167-3d5b93095804,sizeable.promo,available,11.98,33.48,high,low,8,namecheap,,,20/08/2026 16:40
caf7c390-42ab-40bd-b034-7ea9bd1af032,cuzco.promo,available,10.81,20.08,medium,low,5,porkbun,,,01/10/2026 19:08
7780bc26-9560-404e-86e3-ff527d240643,algerie.promo,available,14.49,24.99,high,low,7,namesilo,,,18/09/2026 06:58
c6becbfd-e6a5-4ba2-bb9e-ee99f103ddbf,bicentric.promo,available,11.98,33.48,medium,low,9,namecheap,,,09/08/2026 19:09
566fd39b-ac13-4734-a7f1-1a70c56d8d44,antithetic.promo,available,11.98,33.48,medium,low,10,namecheap,,,05/08/2026 19:49
0284287c-102b-4444-b79e-f4ad7e49e0a1,riaa.promo,available,10.55,19.87,high,low,4,spaceship,,,30/09/2026 13:03
88c5bbec-3553-4d89-90ef-3f8828685c7b,lyrate.promo,available,11.98,33.48,medium,low,6,namecheap,,,24/08/2026 12:39
f6267246-c218-4b1c-9672-43bf1734c5a5,gruntle.promo,available,11.98,33.48,medium,low,7,namecheap,,,18/08/2026 22:14
38391252-fd85-4714-8d88-decbc620ced1,agonizing.promo,available,11.98,33.48,medium,low,9,namecheap,,,
665bd0dc-8011-469d-84aa-831c9113b892,songs.promo,available,11.98,33.48,high,low,5,namecheap,,,25/09/2026 19:03
c990a70f-be9d-4113-bcb0-febe34e122de,andante.promo,available,11.98,33.48,medium,low,7,namecheap,,,
1d963c4b-5aeb-4a80-bece-f868f7b8eb79,mosaic.promo,available,11.98,33.48,high,medium,6,namecheap,,,25/08/2026 06:45
3e7754b5-83c3-451c-b449-8575b1213c55,epidermic.promo,available,19.99,35.99,medium,low,9,name.com,,,13/08/2026 13:09
eda4dfbb-3826-4dd5-89d3-c1b8f226707a,corrigan.promo,available,10.55,19.87,medium,low,8,spaceship,,,29/09/2026 15:41
6e05c2f9-ead3-4c6a-94d2-782075996a26,gerrard.promo,available,13.5,,medium,low,7,unstoppable,,,01/10/2026 10:05
1e3d5173-fba2-4556-b45b-5373b7909539,cartwright.promo,available,14.49,24.99,medium,low,10,namesilo,,,30/09/2026 01:00
1cfb3496-ea83-4ed4-9bd7-07675cc66144,uncrowned.promo,available,11.98,33.48,medium,low,9,namecheap,,,13/08/2026 08:36
3374e020-a6e6-413b-8592-bd0e583355ba,quit.promo,available,14.49,24.99,high,low,4,namesilo,,,24/09/2026 13:22
99e294c7-3b5a-4f8c-ae4e-d18f434a170f,bologna.promo,available,10.55,19.87,high,low,7,spaceship,,,30/09/2026 16:29
603e51a3-ba70-4570-ac39-9a7cd44eb552,hail.promo,available,11.98,33.48,high,low,4,namecheap,,,16/09/2026 22:38
2b579b67-9408-4c73-984b-4a33ac3beea2,washington.promo,premium,2587.7,2587.7,high,low,10,spaceship,,,28/09/2026 20:59
98658943-0a4d-4439-ae95-b8d5d32bc6f3,caused.promo,available,11.98,33.48,medium,low,6,namecheap,,,25/09/2026 18:57
b5771031-484f-40a4-8b51-26c0528d14e5,adolphus.promo,available,10.55,19.87,medium,low,8,spaceship,,,29/09/2026 15:26
c73f8423-6a26-4753-b074-0c659f16eef5,fbi.promo,available,13.5,,high,low,3,unstoppable,,,29/09/2026 06:52
505cb7d3-c1a8-4142-8e33-465f30a24b2a,squashy.promo,available,11.98,33.48,medium,low,7,namecheap,,,10/08/2026 17:16
e7d3ac0d-2dd0-4841-a66f-f4312f7a93a4,pennsylvania.promo,premium,1100,1100,high,low,12,dynadot,,,28/09/2026 11:48
4c77697e-2de6-4ab7-af73-31443f8c523e,fair.promo,available,11.98,33.48,high,medium,4,namecheap,,,22/09/2026 23:43
69c1d57c-45d3-40e5-8936-f86e4ba907a9,liked.promo,available,11.98,33.48,high,low,5,namecheap,,,25/09/2026 13:43
22aede88-5ad7-418a-a903-5dcde5413a22,oval.promo,available,14.49,24.99,high,low,4,namesilo,,,24/09/2026 13:34
47234a2a-3117-4932-8019-44e873fd81ec,harder.promo,available,14.49,24.99,medium,low,6,namesilo,,,26/09/2026 03:10
6cb63c92-ccfc-426e-8119-85acce889698,modena.promo,available,13.5,,medium,low,6,unstoppable,,,29/09/2026 03:43
19ec886e-e863-4a35-8a00-c5d9c8661203,tread.promo,available,10.55,19.87,high,low,5,spaceship,,,30/09/2026 02:58
dc327ac0-999e-4752-b173-56b1dcbd9693,hawes.promo,available,10.55,19.87,medium,low,5,spaceship,,,29/09/2026 22:21
9165f01d-9bde-4caa-9513-03894f34974e,aquilegia.promo,available,14.49,24.99,medium,low,9,namesilo,,,19/09/2026 23:13
0a9bf060-0208-40bd-88ae-b8dc1c931e46,vacuum.promo,premium,3450,3450,high,low,6,namesilo,,,29/09/2026 23:00
4bc9c37d-4fc7-4a24-970b-b5c73b1da2c9,barclay.promo,available,11.98,33.48,high,low,7,namecheap,,,27/09/2026 03:05
344023d2-69bc-4030-a467-d2b508c26bab,genial.promo,available,14.49,24.99,high,low,6,namesilo,,,21/09/2026 21:42
8e633d94-a129-47c7-8103-b701b1f3cca2,rollicking.promo,available,11.98,33.48,medium,low,10,namecheap,,,12/08/2026 18:08
b333f8b9-b538-4606-9732-2e2f1b999d3b,tragic.promo,available,19.2,19.2,medium,low,6,cloudflare,,,28/09/2026 09:28
23ac9b6a-1337-45ce-8f74-5755ca3762c9,sincere.promo,available,14.49,24.99,high,low,7,namesilo,,,24/09/2026 13:03
dd1f75f7-c2df-471e-b69d-83c8fc7afe52,tractile.promo,available,11.98,33.48,medium,low,8,namecheap,,,11/09/2026 18:39
2282669f-34c8-4d5a-bebc-ad49d7efbd87,humidity.promo,available,19.2,19.2,high,low,8,cloudflare,,,29/09/2026 01:18
689af486-3b62-451c-a451-e4faf2569e73,uproar.promo,available,14.49,24.99,medium,low,6,namesilo,,,29/09/2026 04:35
7b7ffe93-d538-4304-94c6-e1a2b141162a,ashcan.promo,available,14.49,24.99,medium,low,6,namesilo,,,20/09/2026 13:35
9115d492-fe2b-4baf-a91b-15908461cb70,bicameral.promo,available,11.98,33.48,medium,low,9,namecheap,,,09/08/2026 19:06
c578e4ee-194b-4b91-8bde-ac0c7ea4daa0,backwash.promo,available,14.49,24.99,medium,low,8,namesilo,,,17/09/2026 15:44
3bfb143c-bb16-4ae7-91ba-bd0910d48597,untagged.promo,available,11.98,33.48,medium,low,8,namecheap,,,12/09/2026 14:35
67dfe798-640d-415b-a566-121c15ba1a9d,attitude.promo,available,13.5,,high,low,8,unstoppable,,,28/09/2026 23:06
92309607-223a-43d8-b966-e0763ba30cb0,diametric.promo,available,11.98,33.48,medium,low,9,namecheap,,,14/08/2026 05:56
a0df9682-e59b-47df-b57b-5970259fc590,quantity.promo,available,19.2,19.2,high,low,8,cloudflare,,,30/09/2026 08:58
46c81823-2144-4402-8bf8-23c380d416eb,shaken.promo,available,11.98,33.48,high,low,6,namecheap,,,10/09/2026 05:44
9a48ee62-7025-45a0-adb6-9ea85dc5c43c,shame.promo,available,10.81,20.08,high,low,5,porkbun,,,29/09/2026 15:43
c984fa8f-498f-415d-b94e-1fb96921b3bf,aden.promo,available,14.49,24.99,medium,low,4,namesilo,,,17/09/2026 07:22
265c4d1c-fb98-49bb-920f-91c974a643ba,bonk.promo,available,14.49,24.99,medium,low,4,namesilo,,,22/09/2026 10:31
78d2baf1-0d4d-4826-b3b5-b3ec5f44e961,constitutes.promo,available,14.49,24.99,low,low,11,namesilo,,,30/09/2026 00:12
cc6729d7-5649-4e91-b30d-e1319f1dd1c0,mendocino.promo,available,13.5,,medium,low,9,unstoppable,,,29/09/2026 22:47
258a4d0a-6273-4441-aa75-5a3c0b4c3101,squeamish.promo,available,11.98,33.48,medium,low,9,namecheap,,,04/09/2026 21:24
f7f1a791-2c96-4537-a5e6-ae50f8cb8e9c,bloomsbury.promo,available,11.98,33.48,medium,low,10,namecheap,,,29/09/2026 18:00
3ea0e4c0-47b5-42ec-9a17-24e6dbec9b2a,onymous.promo,available,11.98,33.48,medium,low,7,namecheap,,,04/09/2026 15:26
0acfd3c4-d722-42b4-b9ec-80e68e1b183c,volunteers.promo,available,14.49,24.99,high,low,10,namesilo,,,18/09/2026 01:21
e5ef23d4-654f-4f51-a649-d9c0c1450574,decayable.promo,available,11.98,33.48,low,low,9,namecheap,,,13/08/2026 20:54
0fba68e3-02df-4c27-9da3-6cb02afc0718,soaked.promo,available,11.98,33.48,medium,low,6,namecheap,,,09/08/2026 15:52
1398e10d-bdf3-4275-980b-25c4d60739f8,nguyen.promo,available,13.5,,high,low,6,unstoppable,,,28/09/2026 04:48
c86faf96-3026-4830-a7fd-d7975438858e,lucretia.promo,available,10.55,19.87,medium,low,8,spaceship,,,30/09/2026 21:16
87d0a420-464f-4722-aacf-a11725be0ff9,cheerfully.promo,available,10.55,19.87,high,low,10,spaceship,,,28/09/2026 13:48
08e54e6b-79dd-4cca-b541-d51c7a2d3078,held.promo,available,11.98,33.48,high,low,4,namecheap,,,21/08/2026 06:19
96634b20-58c4-4a67-8ec3-26f236006a8a,obsessive.promo,available,14.49,24.99,high,low,9,namesilo,,,25/09/2026 23:45
68b4468e-e15f-4807-9ca0-bd9a9dbfd11b,widen.promo,available,10.55,19.87,high,low,5,spaceship,,,30/09/2026 19:38
678b3cf6-0f74-4abe-b8d1-29f53ba68066,trevor.promo,available,14.49,24.99,high,low,6,namesilo,,,26/09/2026 03:30
b3c3d089-557f-4ea1-9960-cc8a31ed9028,gang.promo,premium,1995,1995,high,low,4,namesilo,,,29/09/2026 20:39
dad12e06-bd49-418d-99f4-9cc2d333b885,cyanide.promo,available,14.49,24.99,medium,low,7,namesilo,,,30/09/2026 09:19
626884d8-f43f-4c14-9740-d79036039c0e,nitpicking.promo,available,14.49,24.99,medium,low,10,namesilo,,,19/09/2026 01:08
d8cd6432-7d4a-43ed-967a-9a9694448627,parasitic.promo,available,11.98,33.48,medium,low,9,namecheap,,,17/08/2026 10:15
51ea3db6-f969-4d7d-a477-6dd658176a24,mightily.promo,available,11.98,33.48,medium,low,8,namecheap,,,24/08/2026 22:45
8c8f5d4b-c190-40ac-a2cb-ed799be76ba4,adjacent.promo,available,11.98,33.48,high,low,8,namecheap,,,
f6f8f292-488c-439d-9b6a-703645285b8a,depths.promo,available,10.55,19.87,medium,low,6,spaceship,,,28/09/2026 23:11
849571d7-67cc-4f56-b613-231431de4e19,barry.promo,available,11.98,33.48,high,low,5,namecheap,,,25/09/2026 11:27
12a0093a-643a-4e38-99c7-c5880df6041f,nimiety.promo,available,11.98,33.48,medium,low,7,namecheap,,,17/08/2026 16:13
0a8f4588-7fac-4104-8e38-20591b7cabb1,annan.promo,available,10.81,20.08,medium,low,5,porkbun,,,30/09/2026 05:28
096e89ae-71f9-4e31-b99e-a6522d511f6d,doctorfish.promo,available,,,medium,low,10,,,,16/09/2026 20:58
3eaa66f1-5f91-4aec-8cb6-40ac8c6a7fe8,disasters.promo,available,19.2,19.2,low,low,9,cloudflare,,,29/09/2026 17:40
69705c33-a2be-4a93-a55e-92d175fb41c4,granitic.promo,available,11.98,33.48,medium,low,8,namecheap,,,18/08/2026 08:22
c3b810f7-a779-4250-8d95-08db925065cc,boggs.promo,available,19.2,19.2,medium,low,5,cloudflare,,,29/09/2026 04:30
f1346827-3055-4ac0-8f2a-803af525b629,threats.promo,available,14.49,24.99,medium,low,7,namesilo,,,18/09/2026 23:54
548b31cf-94d6-4410-85ac-e5017ff0cfc6,antoninus.promo,available,11.98,33.48,medium,low,9,namecheap,,,19/09/2026 15:34
12e3d917-6f51-4551-a454-fbc3df029b60,collinear.promo,available,11.98,33.48,medium,low,9,namecheap,,,12/08/2026 17:10
55bdddde-dd59-476e-8ac0-e778fc483621,fools.promo,available,14.49,24.99,medium,low,5,namesilo,,,27/09/2026 23:44
3731c388-b2f2-43e3-9d77-2bd9165af2f7,koestler.promo,available,14.49,24.99,medium,low,8,namesilo,,,20/09/2026 10:57
6bf2c232-a6df-4c58-b933-bc7aa34bad4d,venture.promo,available,10.81,20.08,high,medium,7,porkbun,,,29/09/2026 06:12
8264d768-3bb6-45b0-9664-32eb07cf4415,elton.promo,available,10.55,19.87,high,low,5,spaceship,,,27/09/2026 19:29
d4dde1b9-b136-46b8-b121-a802d10f759e,riant.promo,available,11.98,33.48,medium,low,5,namecheap,,,22/08/2026 20:55
711a0899-3ca5-43ac-9fc6-488f6ae835d1,billyo.promo,available,14.49,24.99,medium,low,6,namesilo,,,18/09/2026 09:10
4c2a3b07-99bc-4a2f-9c15-f485a649c7a3,revenant.promo,available,11.98,33.48,high,low,8,namecheap,,,09/09/2026 12:04
d86e5605-4cc8-487b-bef6-523aa833f844,moss.promo,available,10.55,19.87,high,medium,4,spaceship,,,28/09/2026 14:55
f334f946-4af0-4eb7-88c6-7c630bb81ac4,hickey.promo,available,10.55,19.87,medium,low,6,spaceship,,,02/10/2026 05:14
b8ad2c12-9cfa-46cb-b699-0bf6ab53a5f3,flowering.promo,available,11.98,33.48,high,low,9,namecheap,,,18/08/2026 09:02
64839dd8-0383-4158-b992-a5c75b63b74c,freiburg.promo,available,11.98,33.48,high,low,8,namecheap,,,28/09/2026 03:48
67ae1f37-c04c-4d83-9e3e-50174387f777,demographics.promo,available,14.49,24.99,high,low,12,namesilo,,,30/09/2026 06:26
96b0ac19-5b25-4184-b719-bf057c6ef02e,ict.promo,available,10.81,20.08,high,low,3,porkbun,,,28/09/2026 11:56
76ba8c5b-e5af-40d9-a382-b27752e18ef8,ingress.promo,available,11.98,33.48,medium,low,7,namecheap,,,22/08/2026 01:52
f0475fbd-6cde-487c-9dba-8d8c2d717bad,flinty.promo,available,11.98,33.48,medium,low,6,namecheap,,,18/08/2026 08:18
f0edd5df-9d02-49c2-b12e-afbc2587616a,rethink.promo,available,14.49,24.99,high,low,7,namesilo,,,17/09/2026 15:53
71827c4a-d02a-4dca-9b69-d392549fe9c7,aluminate.promo,available,14.49,24.99,medium,low,9,namesilo,,,18/09/2026 15:13
7fe735fc-2754-4efa-a697-d7eac5f22226,wads.promo,available,11.98,33.48,high,low,4,namecheap,,,14/09/2026 23:30
a9a9105c-adc7-4dbc-bb52-b0436f42ac95,collegium.promo,available,14.49,24.99,high,low,9,namesilo,,,01/10/2026 14:27
f44fd89f-555c-42aa-a8d0-69c62a0ed832,slavery.promo,available,11.98,33.48,high,low,7,namecheap,,,10/09/2026 10:30
f1977bfd-02db-4fd9-a2b1-c1df7e899225,sabah.promo,available,19.2,19.2,medium,low,5,cloudflare,,,28/09/2026 20:01
8004ae1b-7e1d-473d-be0a-e91a23f70784,rebels.promo,available,10.55,19.87,medium,low,6,spaceship,,,28/09/2026 08:52
c2c3495a-f894-46bb-9fbe-b7539ebcc9a3,display.promo,premium,1300,1300,high,low,7,namecheap,,,01/10/2026 21:16
a4675d84-2cbc-44cf-8af1-90ac29cfc106,concretely.promo,available,11.98,33.48,medium,low,10,namecheap,,,14/09/2026 08:12
fb1ca018-aea5-4465-84cc-4611448e1a18,surprise.promo,available,14.49,24.99,high,low,8,namesilo,,,30/09/2026 12:35
2a065fcb-123d-4677-828a-91b5bc8026d3,lossy.promo,available,11.98,33.48,medium,low,5,namecheap,,,24/08/2026 09:58
3cf133fd-e599-4c40-bb25-a22e5384a931,multipurpose.promo,available,19.99,,medium,low,13,name.com,,,
60aeb224-1276-42b2-b4b9-04dfeeb82d7a,communion.promo,available,10.55,19.87,medium,low,9,spaceship,,,29/09/2026 00:28
689bf61c-c235-418c-a943-27b2acd507a7,rio.promo,premium,2587.7,2587.7,high,low,3,spaceship,,,28/09/2026 03:02
4c9b72af-1e6c-4718-84c8-10b75400f7dc,monica.promo,available,11.98,33.48,high,low,6,namecheap,,,25/09/2026 13:55
7ffbbe1c-febe-4bf5-b165-6f100a5f24a1,rashes.promo,available,14.49,24.99,low,low,6,namesilo,,,19/09/2026 21:50
f3059d63-33b4-485e-a12b-1774da5cea7a,emmy.promo,available,13.5,,high,low,4,unstoppable,,,29/09/2026 06:46
0c626a25-cb2e-47c9-9a83-6be75d6b44cf,comedy.promo,premium,1107,1107,high,low,6,namesilo,,,24/09/2026 16:25
63e9208c-b798-41e6-b2bf-6faa82db0d8b,sergeant.promo,available,14.49,24.99,high,low,8,namesilo,,,28/09/2026 06:37
04c41fd8-8241-4985-9d4e-b3c1bee757e9,victory.promo,available,14.49,24.99,high,low,7,namesilo,,,25/09/2026 10:56
ac5340a1-b7b0-4eb1-b9aa-56952a840865,prickly.promo,available,11.98,33.48,medium,low,7,namecheap,,,08/08/2026 17:34
92ba4e60-ba5d-4241-a146-4ce175bd973b,tomorrows.promo,available,11.98,33.48,medium,low,9,namecheap,,,21/09/2026 09:58
4a76afc3-3411-46b9-8275-c62ba58b62ae,sightings.promo,available,10.55,19.87,medium,low,9,spaceship,,,02/10/2026 03:55
a6624c22-d9cb-494e-aa66-d1572e68ee62,yur.promo,available,10.92,20.55,high,low,3,dynadot,,,02/10/2026 04:53
28f7399c-c03e-4c27-b93b-21f530e7fcbc,connectors.promo,available,14.49,24.99,medium,low,10,namesilo,,,28/09/2026 05:16
d59a25ac-01b1-4134-8101-213c39b740aa,hpa.promo,available,13.5,,medium,low,3,unstoppable,,,30/09/2026 20:42
bc5fd44a-857f-4139-ad57-a29e88f43a66,quint.promo,available,11.98,33.48,medium,low,5,namecheap,,,
5915ca2f-057d-4229-8b9f-2a3011a0897c,lena.promo,available,19.99,35.99,high,low,4,name.com,,,25/09/2026 08:55
40d01f3d-c746-4918-b933-999bf8f5c0ac,brains.promo,available,14.49,24.99,high,low,6,namesilo,,,25/09/2026 18:40
b2195551-e638-4472-b297-41666fad417a,smoker.promo,available,10.92,20.55,medium,low,6,dynadot,,,30/09/2026 02:54
2386a47d-09c6-4837-825c-d8a3fdfe3d75,anglesea.promo,available,14.49,24.99,medium,low,8,namesilo,,,19/09/2026 06:27
210d3cf6-2094-4095-8803-473310693d75,dirac.promo,available,14.49,24.99,medium,low,5,namesilo,,,29/09/2026 18:39
3310ae6f-b0ab-4f6d-8790-15068852fafa,portend.promo,available,14.49,24.99,medium,low,7,namesilo,,,21/09/2026 03:29
8bf3705c-13da-4220-8f8a-53a3b32a33c1,moshe.promo,available,10.55,19.87,medium,low,5,spaceship,,,28/09/2026 12:12
b91ec34c-690d-4402-921b-3ac91ec49da5,wheedle.promo,available,14.49,24.99,medium,low,7,namesilo,,,24/09/2026 04:07
b4f4178b-34d7-4c5f-91f3-131fa4b335af,disclosure.promo,available,11.98,33.48,high,low,10,namecheap,,,27/09/2026 13:47
71f9f81e-b74c-490e-bfd9-dc5f6c835e04,airfare.promo,premium,3450,3450,high,low,7,namesilo,,,17/09/2026 23:10
c6af352f-cf75-4dd0-8062-c0abd2bf77fe,consolidate.promo,available,14.49,24.99,high,low,11,namesilo,,,01/10/2026 04:56
12f08734-3202-4ebc-b797-ee80e269a875,confide.promo,available,10.92,20.55,high,low,7,dynadot,,,30/09/2026 17:46
6b499b42-f9dc-4396-b026-13c63acd3154,endorse.promo,available,11.98,33.48,high,low,7,namecheap,,,08/09/2026 09:45
3eeb4c49-4927-4cfd-8cce-bfd23682ff64,gastric.promo,available,11.98,33.48,medium,low,7,namecheap,,,18/08/2026 20:32
7c64f1a2-bdf8-4940-ab08-b68b08d152c9,unchained.promo,available,11.98,33.48,high,low,9,namecheap,,,12/09/2026 04:54
a60a1f36-2cee-4656-85f2-1ecc76d4117a,revisions.promo,available,14.49,24.99,medium,low,9,namesilo,,,20/09/2026 05:28
4a0536c7-3caa-434a-85c1-8feeee14c928,promotions.promo,premium,1107,1107,high,low,10,namesilo,,,28/09/2026 08:51
db83aaa0-434a-4114-80ac-5966a1c97095,segmented.promo,available,11.98,33.48,medium,low,9,namecheap,,,24/08/2026 21:43
aed93c09-dfb7-4cb0-9f73-58e16df9efcc,retreat.promo,available,13.5,,high,low,7,unstoppable,,,29/09/2026 11:58
4e253914-54f0-4dc5-8e48-e86535fa5073,unchanging.promo,available,11.98,33.48,medium,low,10,namecheap,,,12/09/2026 05:04
0cf48588-e1fe-476e-aaca-11a57b0939bb,mendacious.promo,available,11.98,33.48,medium,low,10,namecheap,,,24/08/2026 20:04
f321c732-5717-4463-b8bb-f19826bc0715,smooth.promo,available,14.49,24.99,high,low,6,namesilo,,,27/09/2026 04:51
16a75a3f-5df2-46f5-87a4-0a96087e47a1,trivia.promo,available,10.55,19.87,high,low,6,spaceship,,,01/10/2026 21:43
de11ccf0-edf8-40a3-89ab-a036b6374b66,albatross.promo,available,11.98,33.48,high,low,9,namecheap,,,18/09/2026 02:28
a5472f1a-45cc-4050-9214-24d253d95d56,persuade.promo,available,19.2,19.2,high,low,8,cloudflare,,,27/09/2026 16:35
8a84295d-50c1-40b7-bf54-616ad5fa4631,aiai.promo,available,11.98,33.48,high,low,4,namecheap,,,17/09/2026 20:43
041edd3f-b89b-4916-a893-15037cf77d0c,housman.promo,available,14.49,24.99,medium,low,7,namesilo,,,16/09/2026 12:57
bbb8cbbf-4d58-41e6-9ed2-efe097aa120d,outfits.promo,premium,302.5,302.5,medium,low,7,namesilo,,,28/09/2026 23:41
06333649-c493-4eb0-b460-d0ed7c1911fd,randomly.promo,available,11.98,33.48,high,low,8,namecheap,,,13/09/2026 20:35
a7ba901e-c468-4536-877f-f977fda7dfbf,tips.promo,available,14.49,24.99,high,low,4,namesilo,,,19/09/2026 17:44
3dfb8064-a23f-4c03-af44-7b109a043ef6,sequential.promo,available,11.98,33.48,high,low,10,namecheap,,,10/09/2026 04:27
d196fb38-b262-4a4a-9585-3043d3a2b8c9,mundane.promo,available,11.98,33.48,high,low,7,namecheap,,,17/08/2026 14:55
54431a13-ac42-485c-9712-3e3ea8181619,amazonas.promo,available,19.2,19.2,medium,low,8,cloudflare,,,01/10/2026 23:42
81290b50-4dd8-474b-a837-6b44de029bda,gayal.promo,available,11.98,33.48,medium,low,5,namecheap,,,23/09/2026 13:03
5f89096f-7d14-4bc9-93a9-ef546b16415c,merciful.promo,available,11.98,33.48,high,low,8,namecheap,,,24/08/2026 20:34
11e522c4-a95b-499d-b2b4-b6128474aef5,commercial.promo,premium,1107,1107,high,low,10,namesilo,,,27/09/2026 02:31
3a538560-69dc-4027-9b35-e21e573bd7ae,occupied.promo,available,11.98,33.48,high,low,8,namecheap,,,17/08/2026 07:34
e94b651c-3c51-4b8d-825d-70e4097b4770,vapid.promo,available,11.98,33.48,medium,low,5,namecheap,,,10/08/2026 13:04
704d8eef-b7cd-4fe6-8321-8af45aa0cdda,european.promo,premium,1107,1107,high,low,8,namesilo,,,24/09/2026 15:26
c49c6ca1-501f-47e3-9959-4306d3839429,actual.promo,available,14.49,24.99,high,low,6,namesilo,,,21/09/2026 16:37
dfb3ea90-7032-4b67-af80-84ec9bc13419,frock.promo,available,11.98,33.48,medium,low,5,namecheap,,,14/08/2026 18:55
054c727d-64f0-420e-b355-88b22ca72eb0,clarence.promo,available,10.92,20.55,high,low,8,dynadot,,,27/09/2026 12:32
7a06dc75-7cd1-4694-9871-a14b38c22e52,previously.promo,available,19.2,19.2,medium,low,10,cloudflare,,,28/09/2026 12:13
de515b60-a6ab-4af7-b2ed-259e171f1dc6,whistling.promo,available,19.2,19.2,medium,low,9,cloudflare,,,28/09/2026 20:47
bd3c6dbd-a73a-4e65-877a-426871d0b46f,arlene.promo,available,13.5,,medium,low,6,unstoppable,,,29/09/2026 22:07
19c40db8-aa89-4d98-9b8d-90ee9ae64b3e,purchase.promo,premium,302.5,302.5,high,low,8,namesilo,,,29/09/2026 05:36
518e333e-67c2-4f43-b24c-953d7551d75c,volumetric.promo,available,11.98,33.48,medium,low,10,namecheap,,,13/09/2026 07:03
5cad737c-6a79-48a7-8327-a5554c9fd287,saipan.promo,available,10.92,20.55,medium,low,6,dynadot,,,29/09/2026 08:00
f7176476-78a5-4c84-9d43-13594d8d6091,flawless.promo,available,11.98,33.48,high,low,8,namecheap,,,18/08/2026 07:19
e85c834b-73b5-479e-88f7-64172dcc71c4,dubnium.promo,available,14.49,24.99,medium,low,7,namesilo,,,20/09/2026 22:04
83c21254-5dec-4de7-8de0-fbbb0601f127,siberia.promo,available,13.5,,high,low,7,unstoppable,,,29/09/2026 20:20
27158ca3-4f62-49c2-84a7-128d86b02b86,suits.promo,available,14.49,24.99,high,low,5,namesilo,,,18/09/2026 12:41
9d41be97-1db9-4826-8920-ef38c25da400,buses.promo,premium,1107,1107,medium,low,5,namesilo,,,18/09/2026 13:34
150f5b5f-782a-4a95-a5d3-2637dbf6cdf2,overly.promo,available,11.98,33.48,medium,low,6,namecheap,,,14/09/2026 16:48
5a8fe023-82ef-40e6-90af-df3e040b48ae,spiritually.promo,available,11.98,33.48,high,low,11,namecheap,,,30/09/2026 12:12
2cb9fa66-eee4-4d72-96b4-3551bf11f170,ghz.promo,available,10.92,20.55,high,low,3,dynadot,,,27/09/2026 13:41
ff909861-101c-46e9-bfaf-cf00ac2d06b4,amplifier.promo,available,14.49,24.99,high,low,9,namesilo,,,18/09/2026 23:40
5deae051-72e1-4f26-8963-027bab7f450a,convolve.promo,available,11.98,33.48,medium,low,8,namecheap,,,13/08/2026 00:01
36dd99da-34f8-4486-94a2-d5dc4ca96ca2,exterior.promo,available,11.98,33.48,high,low,8,namecheap,,,17/08/2026 19:05
44e58475-65fc-4c69-8b5f-faa93a0f3710,whats.promo,available,14.49,24.99,medium,low,5,namesilo,,,20/09/2026 02:25
6acdb10a-0a7c-407d-9a40-15be24eb8b11,motional.promo,available,11.98,33.48,medium,low,8,namecheap,,,25/08/2026 07:22
d34a0ce5-ea03-493c-8f5e-cbd51c590f1d,harvested.promo,available,10.55,19.87,medium,low,9,spaceship,,,01/10/2026 14:36
27bf0823-280f-4ea6-9427-7ed6e842af92,aldo.promo,available,19.2,19.2,high,low,4,cloudflare,,,29/09/2026 04:10
879c11eb-5df1-4569-bdd8-1f0f32cef7f1,priorities.promo,available,10.55,19.87,medium,low,10,spaceship,,,28/09/2026 17:39
b0cea952-a439-4b5f-b37d-6639ce82553a,banshee.promo,available,14.49,24.99,high,low,7,namesilo,,,22/09/2026 03:09
5db37bf0-bd87-4430-a605-8eacab4d512a,spade.promo,available,11.98,33.48,high,low,5,namecheap,,,30/09/2026 02:04
6075db00-237a-4495-98cd-e556d67988a5,underlying.promo,available,11.98,33.48,high,low,10,namecheap,,,21/08/2026 22:41
78b0c95c-ccfd-4aec-b495-6fc3a3c8c1df,inevitable.promo,available,14.49,24.99,high,low,10,namesilo,,,25/09/2026 09:24
79a88810-c657-4d54-bcdd-4e5e29e8942f,didactic.promo,available,11.98,33.48,high,low,8,namecheap,,,14/08/2026 06:41
aa34b6aa-38dc-48a3-9336-a25c6ea8c052,suggest.promo,available,11.98,33.48,high,low,7,namecheap,,,29/09/2026 22:49
2ba67442-7533-4a77-96c4-69452ec009d0,hoar.promo,available,11.98,33.48,medium,low,4,namecheap,,,20/08/2026 19:18
44acf3ba-9e0f-4a4d-8814-c760e51f041c,maritime.promo,available,11.98,33.48,high,low,8,namecheap,,,24/08/2026 16:00
9f5c385b-2a36-4716-bf83-31c0e1c0d23b,indignant.promo,available,11.98,33.48,medium,low,9,namecheap,,,22/08/2026 00:59
bcccb361-965c-4822-9cd3-5b7afd3dc3dc,because.promo,available,19.2,19.2,high,low,7,cloudflare,,,30/09/2026 21:38
0e6c67d0-3fa1-43c0-9550-dcd41181e9b3,sloshed.promo,available,11.98,33.48,low,low,7,namecheap,,,09/08/2026 15:48
5899ab96-2b06-4b1d-bb00-cdda27269810,usgs.promo,available,10.55,19.87,medium,low,4,spaceship,,,28/09/2026 03:54
f71b66d3-3e21-427b-acdc-1d1d68428cc0,pent.promo,available,11.98,33.48,medium,low,4,namecheap,,,08/09/2026 14:42
6807f215-e71d-43e9-ae84-b566f1ecf8ec,crete.promo,available,10.55,19.87,high,low,5,spaceship,,,30/09/2026 01:10
6279168a-f28c-4e4e-bbfe-1227920b20b3,carrel.promo,available,14.49,24.99,medium,low,6,namesilo,,,18/09/2026 06:05
e338c313-85be-46d0-a0a1-f6ac79c0ccd8,baobab.promo,available,14.49,24.99,medium,low,6,namesilo,,,17/09/2026 06:21
655444c6-6326-4359-beff-313d622529f2,bothersome.promo,available,11.98,33.48,medium,low,10,namecheap,,,
258d0834-61b2-4579-8399-f99060f91dea,raised.promo,available,14.49,24.99,high,low,6,namesilo,,,23/09/2026 09:46
cbc82ffa-d640-4f7b-9364-e22bc9b19d9d,crotchety.promo,available,11.98,33.48,medium,low,9,namecheap,,,13/08/2026 08:25
0dfba761-681f-4491-80b9-0ed314205ec6,soursop.promo,available,14.49,24.99,high,low,7,namesilo,,,19/09/2026 10:36
3d961d44-f7dc-4639-b835-1f9529783058,conference.promo,available,14.49,24.99,high,low,10,namesilo,,,29/09/2026 10:52
89e84730-1171-4253-896d-d3892e1a0e21,gall.promo,available,14.49,24.99,medium,low,4,namesilo,,,23/09/2026 15:42
0f36916e-3362-4156-81b7-6c6c15aa799c,pours.promo,available,14.49,24.99,medium,low,5,namesilo,,,18/09/2026 07:35
6aa1be29-dd45-4a25-bc43-6998a2173cff,cacophonic.promo,available,11.98,33.48,low,low,10,namecheap,,,11/08/2026 12:33
3f863b8f-dfe1-4801-bc3c-5ced14d94d44,sensationally.promo,available,10.55,19.87,medium,low,13,spaceship,,,02/10/2026 00:06
8c59c4a0-6921-4b82-ae5f-1b87243d3457,antitoxin.promo,available,14.49,24.99,medium,low,9,namesilo,,,19/09/2026 15:12
7335c479-9072-4cb7-818f-8e59149afbab,skyward.promo,available,11.98,33.48,high,low,7,namecheap,,,21/08/2026 05:26
5a7ab3de-a901-42de-bc04-e02634cb5bcf,descended.promo,available,10.55,19.87,medium,low,9,spaceship,,,29/09/2026 10:16
8226bea9-ea87-4eb3-a9ce-dbfae8cfdb88,affordable.promo,premium,1107,1107,high,low,10,namesilo,,,21/09/2026 21:59
77d7acb9-63a7-4bfa-a524-ab9da85b2a2c,scurrilous.promo,available,11.98,33.48,medium,low,10,namecheap,,,
f745f1eb-9e61-4007-a955-0698c77567eb,troubles.promo,available,14.49,24.99,medium,low,8,namesilo,,,27/09/2026 02:38
4bb5a3b0-9ebc-4e23-9784-5ef01de94764,aztec.promo,available,14.49,24.99,high,low,5,namesilo,,,21/09/2026 11:36
86dfcce6-a883-4458-9964-09607c402f08,sheldon.promo,available,14.49,24.99,high,low,7,namesilo,,,25/09/2026 15:25
79b1a74d-e4c8-49cc-8de5-0ee9b15b76c8,autotomic.promo,available,11.98,33.48,medium,low,9,namecheap,,,07/08/2026 21:13
ae83b789-2ab5-4d52-90bd-9536589702c1,roy.promo,available,14.49,24.99,high,low,3,namesilo,,,25/09/2026 12:36
91f1f925-8cd4-4b0c-a365-c9ec0d7d66f5,repay.promo,available,14.49,24.99,high,low,5,namesilo,,,28/09/2026 06:39
e57e6583-7f1d-4cca-86b9-cdf1f127c716,glycogen.promo,available,14.49,24.99,medium,low,8,namesilo,,,19/09/2026 08:46
111c3ac7-fba6-406a-8379-e605bfe926c2,issa.promo,available,11.98,33.48,high,low,4,namecheap,,,30/09/2026 20:12
04eb7ff5-8799-4152-b8a0-26a3e53a7c01,pean.promo,available,11.98,33.48,medium,low,4,namecheap,,,05/09/2026 00:47
47776973-4bf0-4d60-a906-869bffbd312e,opium.promo,available,10.55,19.87,medium,low,5,spaceship,,,29/09/2026 01:45
b6a9f78e-4fdd-494b-810c-e56584eb4bce,obligatory.promo,available,11.98,33.48,medium,low,10,namecheap,,,03/09/2026 23:42
2adadc2d-75c6-4461-84c4-08bf00837876,adjutant.promo,available,14.49,24.99,high,low,8,namesilo,,,17/09/2026 08:35
4745dde1-4487-4c98-969e-483fb0a90b37,sins.promo,available,11.98,33.48,medium,low,4,namecheap,,,27/09/2026 10:40
7618dcfe-ef43-4972-b158-0ceca8befd7e,askance.promo,available,11.98,33.48,medium,low,7,namecheap,,,07/08/2026 02:56
378cd535-7343-48e8-9c37-ea5a697e783a,build.promo,premium,1107,1107,high,medium,5,namesilo,,,24/09/2026 06:26
b283cb1f-2fb2-4246-9b2d-3143c39ffc1c,alva.promo,available,11.98,33.48,high,low,4,namecheap,,,29/09/2026 15:31
1df05bb1-7e35-4167-a0ac-2c61da140f1d,auxetic.promo,available,11.98,33.48,medium,low,7,namecheap,,,07/08/2026 21:28
f97116b7-e6f4-4b2d-a416-febb324d9cf5,getting.promo,available,10.55,19.87,high,low,7,spaceship,,,28/09/2026 17:59
634311b4-4d6b-4e68-8122-4d8e43d47bdb,colman.promo,available,13.5,,medium,low,6,unstoppable,,,29/09/2026 04:11
b392e7cc-06e2-49b0-9f27-9c6446787f6b,csf.promo,available,19.2,19.2,medium,low,3,cloudflare,,,29/09/2026 06:05
ed2ba9c9-4bc9-424d-8095-440b1ea70f7b,nevis.promo,available,10.55,19.87,high,low,5,spaceship,,,29/09/2026 07:42
9508ec59-995d-4f77-ab0e-ada9ed88bacc,erasable.promo,available,11.98,33.48,medium,low,8,namecheap,,,15/08/2026 14:16
0ac7a3f7-d777-47ca-90fc-f3a5cfd4d916,again.promo,available,19.2,19.2,medium,low,5,cloudflare,,,28/09/2026 11:49
171391db-1cd7-49be-a90d-11a9f05185ea,johan.promo,available,14.49,24.99,high,low,5,namesilo,,,27/09/2026 18:44
789c3974-27fb-4d53-9457-90c4bd5e84b7,whitefish.promo,available,19.99,,medium,low,10,name.com,,,
9bbab572-3990-4335-8b3a-21bff2930344,smarts.promo,available,11.98,33.48,high,low,6,namecheap,,,16/09/2026 18:16
b41cc799-6782-49fb-a34a-14b35f87be74,postdoc.promo,available,11.98,33.48,high,low,7,namecheap,,,09/09/2026 00:19
54dc2393-7e04-46c1-8737-1940ba1a6f7e,doing.promo,available,11.98,33.48,high,low,5,namecheap,,,25/09/2026 11:30
63321e92-8f70-4322-9b77-32527d9a8313,underwear.promo,available,14.49,24.99,high,low,9,namesilo,,,30/09/2026 14:15
a66738b3-8c2a-409b-879b-24eab9898145,estival.promo,available,11.98,33.48,medium,low,7,namecheap,,,
2076929d-f3b3-4bf9-a30d-6c70f932019a,luxury.promo,premium,2500.5,,high,low,6,unstoppable,,,30/09/2026 02:20
b1018b9a-0100-4e58-8bc4-6b84d717764b,salaries.promo,available,10.92,20.55,medium,low,8,dynadot,,,30/09/2026 07:09
5875f0ca-dfe2-4ac5-8a7f-3e6d62a0fcca,savages.promo,available,13.5,,low,low,7,unstoppable,,,30/09/2026 06:49
8102f36b-fe3d-45a0-842e-1b6d1beaf05b,shy.promo,available,10.55,19.87,high,low,3,spaceship,,,27/09/2026 21:35
70532b99-59ce-4dc2-b910-94f26506e40b,frankfurt.promo,premium,2500.5,,high,low,9,unstoppable,,,30/09/2026 09:45
c4dbfa94-6221-44df-91fd-e051facf89fb,caper.promo,available,11.98,33.48,high,low,5,namecheap,,,22/09/2026 06:32
f7031974-ef39-485f-bcb2-f23280280521,syriac.promo,available,10.55,19.87,high,low,6,spaceship,,,28/09/2026 03:24
5a589323-d09c-4a71-b03a-c6eb6f6474cd,enzymes.promo,available,11.98,33.48,medium,low,7,namecheap,,,30/09/2026 14:37
9715f4ee-4e21-4770-83ac-fa4cfe72ca46,unsleeping.promo,available,11.98,33.48,medium,low,10,namecheap,,,12/09/2026 20:02
968b814e-bd68-4866-b923-6c57e048af05,antiquark.promo,available,14.49,24.99,medium,low,9,namesilo,,,19/09/2026 15:02
7da3310c-9d49-48e1-8b96-bd1c8e08a8a9,electricians.promo,available,11.98,33.48,medium,low,12,namecheap,,,20/09/2026 20:08
b918e40c-7607-47da-8bb2-b9227a4bc562,tool.promo,premium,1107,1107,high,low,4,namesilo,,,24/09/2026 16:13
17941b2f-7da5-4582-b584-003872f8f9a8,corporations.promo,premium,1035.2,1035.2,medium,low,12,spaceship,,,29/09/2026 11:23
d72bdbb2-ad7a-4259-8378-007499ef8849,spastic.promo,available,11.98,33.48,medium,low,7,namecheap,,,13/08/2026 00:06
fb6cdf51-b07d-4b74-a693-13814061a416,forthwith.promo,available,11.98,33.48,medium,low,9,namecheap,,,10/09/2026 21:39
bb565b57-663c-4a40-89e7-99b1e347cf0c,sap.promo,premium,546.56,1092.18,high,low,3,porkbun,,,29/09/2026 06:26
82a12edf-1a0f-4e70-b132-3afe935702cc,grasshopper.promo,available,13.5,,high,low,11,unstoppable,,,30/09/2026 11:34
0f26b1c5-ad77-4f47-b1dc-d7b6f72bc62d,rites.promo,available,10.55,19.87,medium,low,5,spaceship,,,29/09/2026 11:15
596eccaf-07a7-4813-a644-77c4fdb43117,theropod.promo,available,11.98,33.48,medium,low,8,namecheap,,,23/09/2026 19:39
f40620dc-cadc-49fb-b609-bb8669179a5d,flooding.promo,available,10.55,19.87,medium,low,8,spaceship,,,29/09/2026 00:57
45d2c602-e18d-4eb2-8f33-6ae2a603c666,chore.promo,available,14.49,24.99,high,low,5,namesilo,,,29/09/2026 09:00
35363b8e-60a9-4994-aaaf-e925b874b3e3,repeats.promo,available,14.49,24.99,medium,low,7,namesilo,,,29/09/2026 17:30
6800d0bc-a001-4d39-a605-331ac8f481e5,longroot.promo,available,14.49,24.99,medium,low,8,namesilo,,,20/09/2026 03:40
e337fa70-5b8e-48a9-af43-f84a0684e290,canadas.promo,available,19.99,,medium,low,7,name.com,,,
0b5b4cb6-dc21-4cbf-b97e-94bf531c769b,exceeded.promo,available,10.92,20.55,medium,low,8,dynadot,,,30/09/2026 00:20
11acebb3-fc37-43ef-8c34-0e05774d97d5,adige.promo,available,14.49,24.99,medium,low,5,namesilo,,,17/09/2026 08:16
fe6a22c4-fb8b-44cd-aa02-c32b48bab7d2,screamed.promo,available,13.5,,low,low,8,unstoppable,,,30/09/2026 07:12
31948879-ddb7-4d74-b292-243c9351caed,pin.promo,premium,1995,1995,high,low,3,namesilo,,,29/09/2026 03:45
11510670-7462-468f-92a6-75338d7fe132,velar.promo,available,11.98,33.48,medium,low,5,namecheap,,,13/09/2026 01:59
d607b3ca-e0f2-4675-a76f-bb505a6240b9,informer.promo,available,14.49,24.99,medium,low,8,namesilo,,,23/09/2026 11:26
5a39e907-6ea2-4126-a887-7ad15dc91d03,blended.promo,available,11.98,33.48,high,low,7,namecheap,,,10/08/2026 14:14
0df151bc-f9c7-4d0b-ae59-08d95a8c9fcf,keyboards.promo,available,14.49,24.99,medium,low,9,namesilo,,,20/09/2026 13:46
52adce5f-11da-45d1-9bdf-80bd20f6cf37,extending.promo,available,13.5,,medium,low,9,unstoppable,,,29/09/2026 10:43
cd71b62a-4092-4691-a8ac-30530a2e92d2,ankle.promo,available,14.49,24.99,high,low,5,namesilo,,,19/09/2026 09:40
4dba6e28-0621-4534-8c94-2c3c5b44ddd9,acetabulum.promo,available,14.49,24.99,medium,low,10,namesilo,,,16/09/2026 23:45
6db1d1a1-61a4-4aed-8a67-d0a52f9fe1c4,raid.promo,available,19.2,19.2,high,low,4,cloudflare,,,28/09/2026 09:48
6ce8fb1d-c8af-45ba-9357-6b10790d288d,configuration.promo,available,14.49,24.99,medium,low,13,namesilo,,,29/09/2026 10:14
40561602-e1c8-45d9-891a-36d872bdb281,acre.promo,available,10.55,19.87,high,low,4,spaceship,,,28/09/2026 17:21
57165247-ea10-4dac-a362-7e349def0e65,bangladeshi.promo,available,10.55,19.87,high,low,11,spaceship,,,30/09/2026 03:22
73f34611-2f8d-4e75-b8e1-c0fc07299a36,waterloo.promo,available,14.49,24.99,high,low,8,namesilo,,,22/09/2026 16:19
ff66c481-1467-4c7b-92d1-11a43ca47855,swank.promo,available,11.98,33.48,high,low,5,namecheap,,,12/08/2026 04:51
af260cfa-8fc8-4e5e-858e-67471047a80f,await.promo,available,19.2,19.2,high,low,5,cloudflare,,,30/09/2026 15:31
82c24592-1f57-4040-a43e-9a7facee90cf,acorus.promo,available,14.49,24.99,medium,low,6,namesilo,,,17/09/2026 02:25
9631a339-5741-4cf7-9733-ea941119abf2,integral.promo,available,14.49,24.99,high,low,8,namesilo,,,23/09/2026 10:33
7e77e3cb-cb7b-4077-9140-14e4fac1e218,decreasing.promo,available,11.98,33.48,medium,low,10,namecheap,,,13/08/2026 22:12
44e85bbb-22b3-41ef-8f1a-65a07a87e623,roof.promo,available,13.5,,high,low,4,unstoppable,,,30/09/2026 10:21
a1b8aa8b-8783-4671-afcf-c91f50122a8a,hallowmas.promo,available,11.98,33.48,medium,low,9,namecheap,,,18/09/2026 09:30
1b8d8128-b7af-4381-ae33-ba9468ef27e9,queen.promo,available,11.98,33.48,high,low,5,namecheap,,,27/09/2026 09:07
022c1448-5f15-4d28-aacc-d2088caf9c30,distinguished.promo,available,19.2,19.2,high,low,13,cloudflare,,,01/10/2026 19:21
d08a2e67-72d4-44fd-8a11-dfaad861f058,synaptic.promo,available,11.98,33.48,high,low,8,namecheap,,,11/09/2026 06:09
8a4537f2-6ef5-42ca-9784-bc8d98ce4a60,cried.promo,available,19.2,19.2,medium,low,5,cloudflare,,,27/09/2026 23:35
c15c82cb-5900-448d-85a6-7731b2bcdea3,blemish.promo,available,14.49,24.99,medium,low,7,namesilo,,,24/09/2026 05:30
84d8ef7d-95ed-46b7-962e-f6d13108f312,eon.promo,available,14.49,24.99,high,low,3,namesilo,,,17/09/2026 12:38
a3a98305-0184-480f-ba02-b49020ec2119,alimony.promo,available,10.55,19.87,medium,low,7,spaceship,,,28/09/2026 20:27
c555702a-9e08-4d2b-8f2a-74b96af6d1a3,resigned.promo,available,19.2,19.2,low,low,8,cloudflare,,,28/09/2026 17:54
e21ceeb1-41a8-488d-aaf0-b8b5a954c774,insects.promo,available,14.49,24.99,medium,low,7,namesilo,,,28/09/2026 22:56
44ae2ea8-7dc4-451d-b72c-197997235eb8,nourished.promo,available,11.98,33.48,high,low,9,namecheap,,,03/09/2026 22:12
9de25451-7d7e-4b37-ae8a-c8cef022e553,classy.promo,available,11.98,33.48,high,low,6,namecheap,,,12/08/2026 09:52
893b3917-0796-49f4-ad49-dc0741ebc3f2,windup.promo,available,11.98,33.48,high,low,6,namecheap,,,13/09/2026 12:18
a29fc2fa-54c1-40a3-aa42-c319cf3aa66a,endings.promo,available,13.5,,medium,low,7,unstoppable,,,29/09/2026 17:30
4b7be56b-94e7-4b2e-a22c-caf000947fdd,walton.promo,available,14.49,24.99,high,low,6,namesilo,,,25/09/2026 05:07
451fcda6-f4ff-4903-926c-56dc53dc80b3,deciphered.promo,available,11.98,33.48,medium,low,10,namecheap,,,13/08/2026 21:34
b0a702e7-ecd4-49e5-a485-bb51c5953ec2,adoptee.promo,available,14.49,24.99,medium,low,7,namesilo,,,17/09/2026 09:39
5970d70a-f357-48ef-9307-b95f96abccbe,decorative.promo,available,11.98,33.48,high,low,10,namecheap,,,13/08/2026 02:51
a239d23f-48c5-46c4-84d8-21fe463c7675,pictured.promo,available,11.98,33.48,medium,low,8,namecheap,,,14/08/2026 02:14
4bb0be7e-c06c-4501-afb3-411542fc48b4,ranges.promo,available,11.98,33.48,medium,low,6,namecheap,,,01/10/2026 15:26
3e037123-537b-4a33-b049-e5e7727bd860,honeybee.promo,available,14.49,24.99,high,low,8,namesilo,,,19/09/2026 17:30
74ba89f0-a4b7-447e-ac1e-0632d2faf0d8,welcoming.promo,available,11.98,33.48,high,low,9,namecheap,,,13/09/2026 10:14
9a47a31d-836d-479a-a4c8-9b0ee93b281d,logrolling.promo,available,11.98,33.48,medium,low,10,namecheap,,,23/09/2026 20:50
00c4cbf2-5260-4901-9a05-dc8c48cf2c9d,disclose.promo,available,11.98,33.48,high,low,8,namecheap,,,29/09/2026 20:42
bb4bcbf9-78ad-42e3-8fa4-5325b4cb4aa5,svp.promo,available,13.5,,high,low,3,unstoppable,,,30/09/2026 12:33
4bf8008d-3538-4f30-8cf5-47f1984d69cc,mete.promo,available,11.98,33.48,high,low,4,namecheap,,,10/08/2026 19:54
7f2a6804-b418-42d9-95db-1c3601901761,scalp.promo,available,13.5,,high,low,5,unstoppable,,,29/09/2026 08:01
af3a8b34-156a-433e-b78b-cdaaf608fd02,ticking.promo,available,10.55,19.87,high,low,7,spaceship,,,30/09/2026 13:16
4e9d9064-09ba-437d-9a71-8c0b4db662e8,afa.promo,available,14.49,24.99,high,low,3,namesilo,,,01/10/2026 07:24
4a806697-f339-4a2e-9f6b-7f7e6f4be2f2,cattie.promo,available,11.98,33.48,medium,low,6,namecheap,,,11/08/2026 22:14
741400e4-c545-4144-a310-6fc9da64130b,teenagers.promo,available,13.5,,medium,low,9,unstoppable,,,28/09/2026 13:27
fae0368e-c4bc-4a4b-94b3-c966f4e41a88,afrl.promo,available,11.98,33.48,medium,low,4,namecheap,,,17/09/2026 15:27
3dca7549-0c5f-485a-b06a-50b268df5055,braveness.promo,available,14.49,24.99,high,low,9,namesilo,,,24/09/2026 08:20
ffc15431-ec61-4f2d-a616-ee5c7c98ba85,focusing.promo,available,14.49,24.99,high,low,8,namesilo,,,24/09/2026 13:33
0f3dffd8-2334-448a-bee8-4f5ac6c95cc0,shaun.promo,available,19.2,19.2,medium,low,5,cloudflare,,,29/09/2026 03:45
0ea27a69-9d34-41c9-be2f-b874bce0c114,freight.promo,available,10.55,19.87,high,low,7,spaceship,,,01/10/2026 16:25
5fc6cd67-2f99-4351-95a4-c91b22425045,amebous.promo,available,11.98,33.48,medium,low,7,namecheap,,,
b6e70ee7-e3a4-4945-bc8d-fdd4e2605166,sikorsky.promo,available,10.55,19.87,high,low,8,spaceship,,,30/09/2026 17:41
033f9e60-d41f-4f93-bdf1-084e9f80369f,olsen.promo,available,14.49,24.99,high,low,5,namesilo,,,25/09/2026 12:35
44ac4e06-d097-49ea-9072-df860b9081b8,oxfam.promo,available,19.99,,high,low,5,name.com,,,
1800f3b3-2ede-4401-929b-d9be77ebd736,antique.promo,premium,1107,1107,high,low,7,namesilo,,,21/09/2026 22:23
c8cd958f-9044-48cf-9733-62fc4cdbc68b,predecessor.promo,available,10.92,20.55,high,low,11,dynadot,,,30/09/2026 11:38
1c08783d-c13f-43d4-ab1f-d08a43d90eeb,crusted.promo,available,11.98,33.48,medium,low,7,namecheap,,,13/08/2026 09:22
96b42f7b-49e6-4c33-a52c-74b49c8e9855,cad.promo,available,11.98,33.48,high,low,3,namecheap,,,24/09/2026 02:18
d631cf14-f0d6-4b67-9288-a4d215e4d73d,compliant.promo,available,14.49,24.99,high,low,9,namesilo,,,23/09/2026 17:44
83d76a89-6c31-4c50-b9be-f4729bd82a3f,tray.promo,available,13.5,24.99,high,low,4,unstoppable,,,02/10/2026 01:23
34e03fca-b0cd-46f8-ba08-4cd7cc9f0c73,subscribe.promo,available,10.55,19.87,high,low,9,spaceship,,,27/09/2026 22:05
8c95acef-51b7-47c3-9d0c-ceb28fa423d3,forgery.promo,available,11.98,33.48,medium,low,7,namecheap,,,13/08/2026 03:36
378353e2-1da0-4149-8883-ea2e377e0ee6,ashok.promo,available,10.55,19.87,medium,low,5,spaceship,,,01/10/2026 12:17
e2d1202e-775a-4bcd-bfbe-70306be3dca9,patterns.promo,available,13.5,,medium,low,8,unstoppable,,,28/09/2026 08:39
427474b0-9b79-4e59-9523-82c4bcd53ae1,posts.promo,available,14.49,24.99,medium,low,5,namesilo,,,19/09/2026 00:49
6bd6de40-33a6-470f-a53b-6327aa68645b,syringe.promo,available,14.49,24.99,high,low,7,namesilo,,,30/09/2026 11:09
91b7ac83-c38b-4dd8-87f3-86f1d48545a3,backflow.promo,available,14.49,24.99,high,low,8,namesilo,,,21/09/2026 15:32
8ec7ee36-f95f-415b-933e-cc2f07db3f2f,meek.promo,available,11.98,33.48,high,low,4,namecheap,,,24/08/2026 19:16
e7a2d255-7451-41ce-afe2-a5e3d65f999e,romanist.promo,available,11.98,33.48,medium,low,8,namecheap,,,05/09/2026 01:28
d76d78d7-5e4e-4ae5-b1d8-3e5501c849db,unwavering.promo,available,11.98,33.48,high,low,10,namecheap,,,18/08/2026 05:12
edcd81ef-ced2-47f9-8957-1c1052e57af3,liam.promo,available,19.99,,high,low,4,name.com,,,
9e201e66-63d2-4a29-92c2-13471317a5f4,charlie.promo,available,11.98,33.48,high,medium,7,namecheap,,,25/09/2026 18:14
9f6de907-7117-4c39-8bed-25ed91e6d5c7,pastures.promo,available,10.55,19.87,medium,low,8,spaceship,,,30/09/2026 07:16
2d2e6cbd-30e2-464e-88e8-e70478bfd842,sheepdog.promo,available,19.99,,high,low,9,name.com,,,
a1997d20-b952-4a01-83fe-977fd1f22561,roswell.promo,premium,1300,1300,medium,low,7,namecheap,,,28/09/2026 15:16
962fdd48-0e9c-46a7-bd48-39d500560a16,ticket.promo,premium,3250,3250,high,low,6,namecheap,,,24/09/2026 18:18
68bbcfac-54f6-4745-b1c8-d2b5f1d9fbf1,coconut.promo,available,14.49,24.99,high,low,7,namesilo,,,29/09/2026 10:13
8cb7c101-a1fd-43b2-9bd8-2add428c0fc7,relevantly.promo,available,11.98,33.48,medium,low,10,namecheap,,,15/09/2026 22:59
3e10a42c-966f-49c2-b38e-98730e5f0949,omaha.promo,premium,1300,1300,high,low,5,namecheap,,,28/09/2026 14:49
edb8d1cf-2dde-4c23-89b9-b321eed0d2c9,fowler.promo,available,14.49,24.99,medium,low,6,namesilo,,,02/10/2026 04:56
09bb5b80-ff68-496a-af93-a8ee7cda99e0,prunus.promo,available,14.49,24.99,high,low,6,namesilo,,,30/09/2026 01:43
0a5ac8fb-1e02-485b-81cc-a0387f3cfde4,prat.promo,available,11.98,33.48,medium,low,4,namecheap,,,09/08/2026 11:18
0fb3fb81-b528-4abb-8f83-983f73af93a1,alison.promo,available,14.49,24.99,medium,low,6,namesilo,,,28/09/2026 04:29
2fb2b25d-d520-4bb9-ac9d-8b681717f4c2,suing.promo,available,14.49,24.99,medium,low,5,namesilo,,,02/10/2026 03:47
96d907f2-5641-4f46-ad2f-dd0fea09ef9a,iras.promo,available,11.98,33.48,high,low,4,namecheap,,,30/09/2026 22:23
639869d0-ea42-4135-a28d-6622279e99fb,mama.promo,available,13.5,,high,low,4,unstoppable,,,28/09/2026 06:17
04c0c335-9b83-4b90-8175-c37e2ec67b25,railroads.promo,available,14.49,24.99,medium,low,9,namesilo,,,30/09/2026 07:33
6aef8924-b622-49d0-af2f-7940cc6cb3ad,dimensional.promo,available,10.55,19.87,high,low,11,spaceship,,,30/09/2026 03:41
0db77a26-f76c-4bc2-9080-380686c584d4,laced.promo,available,11.98,33.48,high,low,5,namecheap,,,22/08/2026 17:44
8219c76d-7aa4-41b4-90dd-87c67995baad,galicia.promo,available,19.2,19.2,high,low,7,cloudflare,,,28/09/2026 01:58
f272c489-cbe8-4e41-82e6-8916590df7c4,scorch.promo,available,11.98,33.48,medium,low,6,namecheap,,,10/09/2026 00:51
1138300a-2ed2-403a-a90b-ae942e6e72bd,mohamed.promo,available,19.2,19.2,medium,low,7,cloudflare,,,28/09/2026 04:07
dfd94863-3e82-4ec4-8166-559062e9e3b7,bumbling.promo,available,11.98,33.48,medium,low,8,namecheap,,,11/08/2026 09:34
c9955bd7-2d32-42c7-a493-e9c43e4fb3fe,josephus.promo,available,19.2,19.2,medium,low,8,cloudflare,,,28/09/2026 09:47
25e9fc54-c3c2-4af8-8608-9a7acce9f288,allotropic.promo,available,11.98,33.48,medium,low,10,namecheap,,,
a09da111-0a48-434c-bc77-7998c7f169dd,workable.promo,available,11.98,33.48,high,low,8,namecheap,,,17/08/2026 16:53
c7e06bf3-187c-4c5b-9c96-751e530037ce,sacks.promo,available,11.98,33.48,medium,low,5,namecheap,,,20/09/2026 18:55
f1b2d08c-ec85-4046-b12c-45435ae4907f,offspring.promo,available,13.5,,high,low,9,unstoppable,,,28/09/2026 11:24
eb07d3ac-bd2b-47e3-bc57-2b2fcb4e3688,pneumonia.promo,available,13.5,,high,low,9,unstoppable,,,28/09/2026 06:36
04f7d819-65e9-4dd7-909e-160bb21e5496,overcome.promo,available,10.81,20.08,high,low,8,porkbun,,,28/09/2026 05:30
8f11b4a8-fdc5-460a-b298-13678ddf0af6,groningen.promo,available,14.49,24.99,medium,low,9,namesilo,,,29/09/2026 03:44
c55d9041-41b9-4074-b242-f4c52cd2be1b,dedicated.promo,available,14.49,24.99,high,low,9,namesilo,,,23/09/2026 20:41
22e1e3b8-af79-4ed2-87fd-e76db1e6e8ac,event.promo,premium,2587.7,2587.7,high,medium,5,spaceship,,,29/09/2026 08:05
e9e8a1c2-f67f-417c-ae5b-d62377680b65,hear.promo,available,19.2,19.2,high,low,4,cloudflare,,,30/09/2026 20:01
7d114875-6b2b-4b35-80e1-1792308714a5,lxxiv.promo,available,11.98,33.48,medium,low,5,namecheap,,,
6ddf3128-9819-47f4-9b04-f1aab0e5559b,rente.promo,available,11.98,33.48,high,low,5,namecheap,,,19/09/2026 10:58
07ac4523-da2e-4635-b709-e7988b959245,lithuanian.promo,premium,302.5,302.5,high,low,10,namesilo,,,24/08/2026 07:30
dfe7bbbd-ea6b-4624-a466-b2b88237f1ec,asclepius.promo,available,11.98,33.48,medium,low,9,namecheap,,,17/09/2026 13:21
bf60a4d5-73d4-477e-a1cc-ea1ef108f6aa,lissom.promo,available,11.98,33.48,medium,low,6,namecheap,,,23/08/2026 23:41
6ec70a85-cb7f-464d-a36e-91b5c924c693,ambergris.promo,available,11.98,33.48,medium,low,9,namecheap,,,18/09/2026 16:37
3fb31121-816c-475a-8a25-9c5e4595ceff,skittish.promo,available,11.98,33.48,medium,low,8,namecheap,,,10/09/2026 09:48
5fd2757c-257c-4be0-930a-18c7a91b6c2e,nattily.promo,available,11.98,33.48,medium,low,7,namecheap,,,15/09/2026 16:12
165aa7fa-4e6b-4ecc-9b3d-e2de40cc517f,ernest.promo,available,14.49,24.99,high,low,6,namesilo,,,28/09/2026 11:52
8a305570-e140-44d8-a158-33800715a542,becloud.promo,available,11.98,33.48,medium,low,7,namecheap,,,03/09/2026 23:53
d17ed0eb-ea84-43c7-94d4-d4034dec1b44,spaghetti.promo,available,13.5,,high,low,9,unstoppable,,,28/09/2026 15:23
47b338e5-1f5e-4d24-8c0c-d2e57ea15531,ancients.promo,available,14.49,24.99,high,low,8,namesilo,,,19/09/2026 03:51
32607679-79b6-4d4a-9f30-e6b5f302f356,alphabetical.promo,available,10.55,19.87,high,low,12,spaceship,,,30/09/2026 14:07
2efad5e0-5db6-46d8-a60f-9e990005bc16,pathologic.promo,available,11.98,33.48,medium,low,10,namecheap,,,14/08/2026 10:11
bb519105-f9f1-425e-9eeb-e71adcd4777e,communism.promo,available,14.49,24.99,high,low,9,namesilo,,,24/09/2026 16:38
060ee21d-c479-4ce4-b8ac-3f8ca10fc0de,catechu.promo,available,11.98,33.48,medium,low,7,namecheap,,,16/09/2026 20:04
64be0d6a-18ab-47ca-b915-a169a41eb017,putnam.promo,available,14.49,24.99,medium,low,6,namesilo,,,25/09/2026 16:07
9d726e87-f18f-4971-ae82-aee31440d957,machinist.promo,available,14.49,24.99,high,low,9,namesilo,,,19/09/2026 17:14
73fe8edf-dd5b-4d94-a881-bde66cded71e,combinations.promo,available,14.49,24.99,medium,low,12,namesilo,,,17/09/2026 17:12
3c325350-2188-45d9-857a-b7578a81c294,assessor.promo,available,14.49,24.99,high,low,8,namesilo,,,20/09/2026 16:19
3454f5c0-97e9-44eb-916e-f9c2e4f947ae,mortimer.promo,available,14.49,24.99,medium,low,8,namesilo,,,25/09/2026 23:45
543bac5a-2d59-4c22-8b8c-10709ce8a816,necklace.promo,premium,546.56,1092.18,high,low,8,porkbun,,,27/09/2026 14:59
a55fd93c-877d-4f3f-92d7-77686f7230b8,parliament.promo,available,13.5,,high,low,10,unstoppable,,,29/09/2026 07:49
b199eb77-cf8f-4ae8-9a75-b854cd73fa0e,nominate.promo,available,14.49,24.99,high,low,8,namesilo,,,29/09/2026 20:40
b682af74-2528-4ce7-a945-d6e1d4d2b71d,adz.promo,available,14.49,24.99,medium,low,3,namesilo,,,17/09/2026 12:01
a53a88a8-b204-4868-a7ef-8041e412f3c8,smarmy.promo,available,11.98,33.48,medium,low,6,namecheap,,,11/08/2026 11:46
ae7e940e-d09c-4f10-a8ff-02e1a798cab1,experiment.promo,available,10.55,19.87,high,low,10,spaceship,,,30/09/2026 21:03
b1974edb-83f7-4bd9-8f4b-9ee275ef1e2a,aesir.promo,available,11.98,33.48,medium,low,5,namecheap,,,17/09/2026 13:23
e4d6afe8-c0e7-465d-abc2-30b674a9111f,git.promo,available,11.98,33.48,high,medium,3,namecheap,,,11/08/2026 09:25
471bf869-ee55-4db7-9033-600ab1530d39,newbie.promo,available,11.98,33.48,high,low,6,namecheap,,,24/09/2026 19:51
2ed9f32a-9001-4a26-ae44-db8b78894d02,evaporated.promo,available,11.98,33.48,medium,low,10,namecheap,,,17/08/2026 14:45
81434a7c-c7e1-4459-9e7b-f6beb12f1692,sexual.promo,available,19.2,19.2,high,low,6,cloudflare,,,27/09/2026 20:20
b35a0aa4-6daa-4ea9-a95f-2d5d458b810f,serpentine.promo,available,11.98,33.48,medium,low,10,namecheap,,,10/09/2026 04:45
c96fe079-3dc0-4748-b52d-7b9f00c7c95f,compromised.promo,available,10.55,19.87,medium,low,11,spaceship,,,28/09/2026 13:03
f6b2df5f-419e-4578-933f-709b6459e2fb,powdered.promo,available,14.49,24.99,medium,low,8,namesilo,,,19/09/2026 15:51
deac4896-03c7-46e1-876f-df261a8bd2f7,alated.promo,available,11.98,33.48,medium,low,6,namecheap,,,
245fdd3c-ff7f-4d65-8053-1fde756e0e5a,spill.promo,available,14.49,24.99,high,low,5,namesilo,,,27/09/2026 15:56
aefbf82a-79de-4962-a6ac-e3f863b69da1,barmy.promo,available,11.98,33.48,medium,low,5,namecheap,,,06/08/2026 20:25
0a9fb7cb-c6fe-485f-b5e4-0bd3fc61114e,basilicata.promo,available,19.99,35.99,medium,low,10,name.com,,,22/09/2026 10:50
411067bb-6396-400b-9268-1ed6a4d8adc6,swamp.promo,available,14.49,24.99,high,low,5,namesilo,,,24/09/2026 21:44
90e82c3d-169b-4cd8-9d72-4543f1d1d3fc,pacemaker.promo,available,14.49,24.99,high,low,9,namesilo,,,20/09/2026 11:42
8152bf95-80f5-491d-807b-21c225012983,nickel.promo,available,14.49,24.99,high,low,6,namesilo,,,20/09/2026 22:42
e9b98a60-68ed-4bea-8ea7-270b277446aa,revenge.promo,available,14.49,24.99,high,low,7,namesilo,,,25/09/2026 10:18
a9d8d60a-ca73-4ffc-b293-b7b390989e63,arrogance.promo,available,14.49,24.99,high,low,9,namesilo,,,20/09/2026 09:19
6e296344-40dd-4516-bdd0-6d4a61714f7a,artless.promo,available,11.98,33.48,medium,low,7,namecheap,,,06/08/2026 23:47
e7473659-3756-4c72-8ae8-9a67545299f2,sligo.promo,available,11.98,33.48,medium,low,5,namecheap,,,30/09/2026 04:53
fdd4467c-50ae-4f80-ae98-d28d0027fdc7,cantala.promo,available,11.98,33.48,medium,low,7,namecheap,,,17/09/2026 16:42
848e702a-e812-447e-8ede-87f7c0d42a98,painless.promo,available,11.98,33.48,high,low,8,namecheap,,,04/09/2026 23:04
ba845c95-406f-4d10-a255-41f6d71f76b1,advisor.promo,available,19.2,19.2,high,low,7,cloudflare,,,29/09/2026 08:01
a94e0e36-d72b-4f4f-a391-e9afc76b7646,uncoated.promo,available,11.98,33.48,medium,low,8,namecheap,,,12/09/2026 05:35
fbbc501e-73af-48e2-b4d2-7886f6136067,demonstration.promo,available,19.99,,high,low,13,name.com,,,
54e9a582-c7fa-4be9-9b43-e38389eca0dd,greatest.promo,available,11.98,33.48,high,low,8,namecheap,,,20/08/2026 19:40
57ff0619-096c-45e6-a3f4-dc66248c49e1,variation.promo,available,11.98,33.48,high,low,9,namecheap,,,03/09/2026 11:43
3d200748-0202-40d4-af3d-f9b349fd69d4,sculpture.promo,available,11.98,33.48,high,low,9,namecheap,,,20/08/2026 18:45
6ff92498-c3aa-42f8-975a-46bf78dc2214,ccd.promo,available,14.49,24.99,high,low,3,namesilo,,,29/09/2026 04:56
7ccdb4c8-dd8e-480f-bd4c-c0409b6ea7c8,hardiness.promo,available,13.5,,high,low,9,unstoppable,,,29/09/2026 18:02
50d5eb77-f38a-4639-a90f-79e9a743d98a,sutton.promo,available,14.49,24.99,high,low,6,namesilo,,,25/09/2026 16:50
dc2ebb96-1f1a-404d-8d89-6868dd5e074e,jiangsu.promo,available,10.55,19.87,high,low,7,spaceship,,,29/09/2026 09:39
1c3ac788-89b1-4168-a155-f7fea646b581,byu.promo,available,10.55,19.87,medium,low,3,spaceship,,,29/09/2026 15:54
f29467bc-30f7-437c-9564-0f62abba029e,second.promo,available,11.98,33.48,high,low,6,namecheap,,,21/09/2026 12:59
df07fb22-f202-4f83-8f0e-6cb5ea2101b7,payable.promo,available,11.98,33.48,high,low,7,namecheap,,,12/08/2026 16:58
00e5a87a-24c5-4fc1-b35b-41582b4cff4e,powder.promo,available,14.49,24.99,high,low,6,namesilo,,,25/09/2026 23:00
883f8589-bc0f-4e55-ac0f-63b305428cb2,materialize.promo,available,14.49,24.99,high,low,11,namesilo,,,01/10/2026 23:04
a816d8a9-c947-43f4-85f7-495076d28f27,annulate.promo,available,,,high,low,8,,,,
7f81642c-9c9e-438f-b5ec-e381de9dce2b,pickford.promo,available,14.49,24.99,medium,low,8,namesilo,,,01/10/2026 02:18
99cfc874-34b2-4130-93c8-298b8cf8ab3c,bureaucratic.promo,available,10.92,20.55,medium,low,12,dynadot,,,30/09/2026 19:59
e3f029c5-5768-4249-a4d8-b8858bebeb4b,tiring.promo,available,11.98,33.48,medium,low,6,namecheap,,,11/09/2026 16:24
7f7f5ddb-6dc8-4d51-8e62-c9b1677d07fa,tier.promo,available,10.55,19.87,high,low,4,spaceship,,,30/09/2026 11:11
a091c1fc-d308-4813-a126-1f8c4bfaa94c,mongolian.promo,available,11.98,33.48,high,low,9,namecheap,,,25/08/2026 04:47
71ca1c92-dc71-462c-a0ad-629dd92bbbe1,valley.promo,premium,1035.2,1035.2,high,low,6,spaceship,,,30/09/2026 14:16
eb89afc7-3b43-4efa-90ad-95f3bf56ebee,fireman.promo,available,10.55,19.87,high,low,7,spaceship,,,29/09/2026 06:56
4c00dbc3-adff-4067-b7ed-301d6d9625c8,scant.promo,available,11.98,33.48,medium,low,5,namecheap,,,09/09/2026 22:36
9c538b11-a60c-4655-8a40-858220d5159f,katrina.promo,available,13.5,,high,low,7,unstoppable,,,29/09/2026 09:26
58ea94a1-8da3-4005-9c75-1cbc32b170c1,fictive.promo,available,11.98,33.48,medium,low,7,namecheap,,,07/08/2026 07:55
c2812ac7-b37f-4d5d-84bf-eef6e4e85b73,kimberley.promo,available,10.55,19.87,medium,low,9,spaceship,,,28/09/2026 19:38
4e4a3173-9e7f-4b55-90ea-4d6358a49a16,tokyo.promo,premium,3450,3450,high,low,5,namesilo,,,24/09/2026 12:18
ab4cb505-0aa5-409f-91dd-fae5e7982711,interval.promo,available,14.49,24.99,high,low,8,namesilo,,,29/09/2026 13:09
e3896b41-2ead-4bc5-a68e-29474d3c5bfc,fumed.promo,available,11.98,33.48,medium,low,5,namecheap,,,18/08/2026 18:20
a4b2a4b8-2f19-492e-904d-1b1d41e663c1,sweetener.promo,available,14.49,24.99,high,low,9,namesilo,,,21/09/2026 19:45
c50b235e-db01-4495-b268-229d92f718f0,monitored.promo,available,11.98,33.48,medium,low,9,namecheap,,,29/09/2026 10:56
4be37ae0-8e87-4f77-b852-5a5cc97910f3,scenery.promo,available,10.55,19.87,medium,low,7,spaceship,,,28/09/2026 15:20
3a98f64b-91b8-485e-8ec1-b0feb60c4ccc,avifauna.promo,available,14.49,24.99,medium,low,8,namesilo,,,21/09/2026 09:31
6555ed4a-0417-4bc1-881a-b7c519bc9983,thereafter.promo,available,14.49,24.99,high,low,10,namesilo,,,16/09/2026 08:38
d4f66248-d5da-4c90-b3eb-b4bb21a484ed,parenting.promo,available,19.99,,high,low,9,name.com,,,
9eabacf2-1bff-4b02-bf66-6c4c1f6b38d0,specular.promo,available,11.98,33.48,medium,low,8,namecheap,,,25/08/2026 01:15
9f0e163d-dabf-486a-88c1-dfd3806c5106,bateman.promo,available,14.49,24.99,medium,low,7,namesilo,,,30/09/2026 22:30
05c44d79-d241-488c-94e9-1e9cc0a0a45d,contests.promo,premium,1035.2,1035.2,high,low,8,spaceship,,,30/09/2026 00:34
26d40798-f68e-4de1-af25-9acb114a845f,debater.promo,available,14.49,24.99,medium,low,7,namesilo,,,20/09/2026 04:45
5ebdcb9c-bacb-4f0e-a088-bd32678ca313,okay.promo,available,14.49,24.99,high,low,4,namesilo,,,22/09/2026 01:07
dadb2954-f012-46da-921f-f48b2b2543b5,tasteful.promo,available,11.98,33.48,high,low,8,namecheap,,,11/09/2026 09:00
6f573192-05e9-4e11-a4d5-c27a889090dd,arching.promo,available,11.98,33.48,medium,low,7,namecheap,,,06/08/2026 14:39
444ab4c5-9781-4ed7-bea4-d4c83b5bb0f3,editor.promo,available,14.49,24.99,high,low,6,namesilo,,,25/09/2026 05:10
b3b0df47-47f3-4e3b-b5de-f3a6b01a7688,indigestion.promo,available,13.5,,medium,low,11,unstoppable,,,02/10/2026 02:34
da9cc89f-5555-4361-b5c8-98f3ee034195,doughy.promo,available,11.98,33.48,medium,low,6,namecheap,,,14/08/2026 17:03
59d62888-577f-4bc6-a5ea-88f3957bdf5f,curly.promo,available,11.98,33.48,high,low,5,namecheap,,,13/08/2026 11:23
c891aa40-b818-40fb-b45e-60003a48d79d,azonic.promo,available,11.98,33.48,medium,low,6,namecheap,,,08/08/2026 02:32
9299aa6a-2a84-4246-bf6f-bc6be326c0be,webby.promo,available,11.98,33.48,medium,low,5,namecheap,,,03/09/2026 16:08
f9468bce-1598-46e4-ae7c-ef18d0572b0f,cohomology.promo,available,14.49,24.99,medium,low,10,namesilo,,,30/09/2026 15:06
720108c9-a8c1-41fb-8735-0e7ada6546aa,zymoid.promo,available,11.98,33.48,medium,low,6,namecheap,,,13/09/2026 15:55
b9a18193-e827-43ed-9269-2e39ccddff2e,dora.promo,available,10.55,19.87,high,low,4,spaceship,,,29/09/2026 03:41
63b8f83a-7825-44b0-bf65-a5b9b1dd729b,discourse.promo,available,14.49,24.99,high,low,9,namesilo,,,23/09/2026 22:52
79c2af5f-46ab-4f1b-8a12-8afc54a00586,cooperated.promo,available,14.49,24.99,medium,low,10,namesilo,,,02/10/2026 03:43
1ec39306-36ee-422c-8b02-46e4c2c86ae6,petroleum.promo,available,11.98,33.48,high,low,9,namecheap,,,13/08/2026 08:55
35aa8108-f4a8-4086-bff1-f2d4b866291f,kcal.promo,available,14.49,24.99,high,low,4,namesilo,,,30/09/2026 12:30
7c0b0b81-ec76-44f0-9db7-f2539b8b454a,schoolbook.promo,available,14.49,24.99,medium,low,11,namesilo,,,19/09/2026 07:03
c18f9cbd-cedb-4c62-8846-1684e93f1838,eileen.promo,available,14.49,24.99,medium,low,6,namesilo,,,26/09/2026 03:31
6e01efe0-3854-42d5-8fcd-49d68fc048e6,blob.promo,available,10.55,19.87,medium,low,4,spaceship,,,29/09/2026 02:58
1b350110-d2ee-4ca1-8add-d984d2c83919,barbwire.promo,available,11.98,33.48,medium,low,8,namecheap,,,22/09/2026 04:47
4a8809af-9165-4ef5-bcac-8d92ab8b08bb,zinc.promo,available,14.49,24.99,high,low,4,namesilo,,,20/09/2026 22:44
9e297969-8d90-46ba-a786-e294177a8366,streamline.promo,available,11.98,33.48,high,low,10,namecheap,,,01/10/2026 22:14
3d256ba3-57c3-4509-ba10-9569d98bbe74,determine.promo,available,14.49,24.99,high,low,9,namesilo,,,30/09/2026 11:01
1484b292-e6a5-4021-a34d-d91ae4691856,grindle.promo,available,11.98,33.48,medium,low,7,namecheap,,,18/09/2026 21:21
adc179f1-cdd8-4d59-a8be-5f67d935f6ed,appealed.promo,available,19.2,19.2,medium,low,8,cloudflare,,,30/09/2026 07:01
3c342e58-05cd-4d27-9948-538bfb42d60b,veracruz.promo,premium,258.95,258.95,high,low,8,spaceship,,,28/09/2026 06:50
46866927-11e9-434d-9c13-418df4998226,fonda.promo,available,14.49,24.99,medium,low,5,namesilo,,,29/09/2026 06:57
63322b36-86db-4742-95b0-7fd37ab0f0a6,octavo.promo,available,11.98,33.48,medium,low,6,namecheap,,,16/09/2026 12:43
033da77a-58e8-4b4b-ba0c-3ed5efc3153c,vedanta.promo,available,10.55,19.87,high,low,7,spaceship,,,01/10/2026 04:06
66000df0-9022-4f37-8364-9eee036ce6f0,thinkers.promo,available,10.55,19.87,medium,low,8,spaceship,,,30/09/2026 16:03
1f8165ee-88f6-424e-94e8-8984aa46f2c8,overshot.promo,available,11.98,33.48,medium,low,8,namecheap,,,04/09/2026 21:51
d402f3a7-ea5e-45b2-a5df-43d8cd619933,inuit.promo,available,10.55,19.87,medium,low,5,spaceship,,,28/09/2026 09:42
51e4f959-8de7-42cc-a2d4-56ed6542879e,nee.promo,available,11.98,33.48,medium,low,3,namecheap,,,03/09/2026 14:47
33567963-d740-4f78-bdce-48dfb4731ae6,renowned.promo,available,11.98,33.48,high,low,8,namecheap,,,11/08/2026 23:18
0af3e3af-4686-4eec-b2f1-b6cdee703c47,unhuman.promo,available,11.98,33.48,medium,low,7,namecheap,,,14/08/2026 00:04
4d8873c5-b368-4ec3-a705-42faca9bf679,thrive.promo,available,13.5,,high,medium,6,unstoppable,,,29/09/2026 18:54
ed7b2ca6-5ba6-4f87-b55f-e00d6c5060c1,medford.promo,premium,302.5,302.5,medium,low,7,namesilo,,,28/09/2026 10:21
8f08f067-0241-4ef8-9923-59cc0f41bece,sailing.promo,available,11.98,33.48,high,low,7,namecheap,,,10/09/2026 00:37
92fa6280-014b-45ad-9d15-922c54cdfefb,eyelike.promo,available,11.98,33.48,medium,low,7,namecheap,,,17/08/2026 20:04
9e0033d7-4323-4a79-ad9f-fb49be5b3c49,jamieson.promo,available,13.5,,high,low,8,unstoppable,,,29/09/2026 22:21
0624e907-c5f3-4842-81d7-a3e13cd6f195,esthetic.promo,available,11.98,33.48,high,low,8,namecheap,,,21/09/2026 21:16
f0b411d9-2ebb-454c-bdba-03c50c0da5f5,scriptural.promo,available,11.98,33.48,medium,low,10,namecheap,,,09/08/2026 18:55
6726d08f-a760-4e6d-b5cc-f9991bf84e72,camera.promo,premium,3450,3450,high,low,6,namesilo,,,29/09/2026 06:00
ec847ad8-1a6f-4285-8501-e179bebf0978,trench.promo,available,13.5,,medium,low,6,unstoppable,,,28/09/2026 20:01
c8e5b99e-8ac7-435c-a372-39903fa7e0c0,bad.promo,resell,,,high,medium,3,"GoDaddy.com, LLC",23/12/2025 17:23,23/12/2026 17:23,26/09/2026 04:12
4a45198c-ba08-43a4-a977-c9d9dcd8f8ef,sky.promo,resell,,,high,medium,3,Unstoppable Domains Inc,22/09/2022 13:15,22/09/2027 13:15,30/09/2026 06:48
751d83b4-7b7e-4360-bcfb-e547c96b7738,fierce.promo,available,14.49,24.99,high,low,6,namesilo,,,23/09/2026 01:48
e1a5f1fe-fa34-4440-8c47-eed6304d9408,coffeecake.promo,available,19.99,,high,low,11,name.com,,,
51434326-38e2-4d6f-a5d9-71a9264a50f9,gifted.promo,available,11.98,33.48,high,low,6,namecheap,,,18/08/2026 23:27
d085208f-9fc0-44e6-b50e-c2c2891c7549,neutralize.promo,available,13.5,,high,low,10,unstoppable,,,01/10/2026 04:11
db9732ff-27e9-4f4a-8131-36a72e207505,cowpea.promo,available,14.49,24.99,medium,low,6,namesilo,,,23/09/2026 23:43
1a7a4a6b-7cec-4941-9d14-c50af5757339,mathias.promo,available,10.55,19.87,high,low,7,spaceship,,,28/09/2026 05:17
e7ab8c43-3713-4178-9cfe-da8f9c881333,babes.promo,available,11.98,33.48,high,low,5,namecheap,,,01/10/2026 16:19
daeafaad-f1fe-441b-922e-19de208f8dfe,dancer.promo,available,11.98,33.48,high,low,6,namecheap,,,11/09/2026 11:54
f7742294-e8bc-4cfd-ac30-b1c1d8818322,moduli.promo,available,10.55,19.87,medium,low,6,spaceship,,,01/10/2026 00:19
060f5e02-bb1d-472e-b17f-35d5036fc460,applause.promo,available,11.98,33.48,high,low,8,namecheap,,,19/09/2026 20:55
b8a1c261-db30-42a8-9f5f-0f1bd072511a,sufficient.promo,available,11.98,33.48,high,low,10,namecheap,,,28/09/2026 01:52
edd28701-a5cc-428e-814f-d01bc1ee359c,ciao.promo,available,14.49,24.99,high,low,4,namesilo,,,18/09/2026 13:10
5078df0c-cca0-42de-b994-244dc970b385,bowel.promo,available,10.92,20.55,medium,low,5,dynadot,,,29/09/2026 06:08
59ac9471-e607-4daa-bac9-ba8239204c81,hole.promo,available,13.5,,medium,low,4,unstoppable,,,29/09/2026 05:47
1caa2dbf-e913-435b-8989-b0137d9774d6,supervillains.promo,available,14.49,24.99,low,low,13,namesilo,,,21/09/2026 05:46
433dee4d-5341-44e3-a644-857ed7c0b34d,timmy.promo,available,10.55,19.87,high,low,5,spaceship,,,01/10/2026 08:36
cf55674a-be17-4448-afbd-6743c448a880,synonymous.promo,available,11.98,33.48,high,low,10,namecheap,,,11/09/2026 06:31
ab568707-8cc0-4ec6-8dbc-e6571bb3545d,blazers.promo,available,14.49,24.99,medium,low,7,namesilo,,,20/09/2026 11:38
50d50635-df9f-411b-a098-da5e69e5be6e,saf.promo,available,10.55,19.87,high,low,3,spaceship,,,30/09/2026 12:43
52b4382a-de8e-4bba-97e8-f122a1e0e4f3,jed.promo,available,11.98,33.48,medium,low,3,namecheap,,,01/10/2026 23:48
e8d8aa72-7d36-443f-8d6c-287597362a0e,approved.promo,available,11.98,33.48,high,low,8,namecheap,,,06/08/2026 09:20
467f51bc-9a0a-4508-aa69-96776280966b,hydroponic.promo,available,11.98,33.48,medium,low,10,namecheap,,,06/08/2026 10:34
c625cde1-8634-4c5c-a11b-7f528f22338e,vibrant.promo,available,11.98,33.48,high,low,7,namecheap,,,13/09/2026 05:05
51c638a1-cf96-4c99-803c-e94a9d90d690,trophy.promo,available,13.5,,high,low,6,unstoppable,,,30/09/2026 13:59
32b80f0d-1f9b-41a3-9227-515b1ab8ba37,attempting.promo,available,11.98,33.48,medium,low,10,namecheap,,,28/09/2026 12:29
82cf5739-6c94-4e14-a737-cc59c9f5637d,untangled.promo,available,11.98,33.48,high,low,9,namecheap,,,12/09/2026 20:57
5c30116a-a2c8-4d1a-b6be-f96672dbf428,cloth.promo,available,13.5,,high,low,5,unstoppable,,,28/09/2026 02:26
16f483e4-02fa-40a0-9b13-a03b21e40b4f,ljubljana.promo,available,14.49,24.99,medium,low,9,namesilo,,,29/09/2026 01:36
181b561b-ce81-4944-9711-0348cc083959,biochemist.promo,available,14.49,24.99,high,low,10,namesilo,,,23/09/2026 17:44
e73272f1-e026-4a5c-aeff-b869ac4fdda4,manx.promo,available,11.98,33.48,medium,low,4,namecheap,,,24/08/2026 15:32
911cf563-e417-4a2d-8848-525efed79f22,tramontana.promo,available,11.98,33.48,medium,low,10,namecheap,,,11/09/2026 18:50
7892f71c-85b3-4aef-befe-fdd0d1fc3a22,jim.promo,available,11.98,33.48,high,low,3,namecheap,,,
579823a5-b1c0-4bb6-a507-9c4dbbf38329,tardy.promo,available,11.98,33.48,medium,low,5,namecheap,,,09/08/2026 12:42